ID,name,count,CoCh,HoRatio,InchoRatio,PerTra,InPerTra
603993,洛阳钼业,1,0,0.87,0.05,1.07,0.06
600750,江中药业,1,0,0.39,-0.20,0.39,-0.21
000519,中兵红箭,1,-1,0.79,-0.87,0.79,-0.87
600528,中铁工业,1,0,1.59,0.56,1.59,0.56
600309,万华化学,1,0,0.60,0.09,0.60,0.09
301152,天力锂能,1,1,0.16,0.16,0.72,0.72
300831,派瑞股份,1,1,0.24,0.24,0.41,0.41
600256,广汇能源,1,-1,1.55,-0.41,1.55,-0.41
600388,ST龙净,1,1,1.06,1.06,1.06,1.06
600511,国药股份,1,0,0.24,0.01,0.33,0.01
301059,金三江,1,1,0.36,0.36,1.25,1.25
300620,光库科技,1,0,0.48,0.00,0.49,0.01
600660,福耀玻璃,1,0,1.57,-0.16,2.04,-0.21
300442,润泽科技,1,0,0.52,-3.76,4.28,0.00
603856,东宏股份,1,-2,0.80,-2.98,0.80,-3.01
002167,东方锆业,1,0,0.41,0.01,0.44,0.02
300684,中石科技,1,1,0.33,0.33,0.33,0.33
002051,中工国际,1,0,0.58,0.01,0.65,0.01
603392,万泰生物,1,-1,0.46,-0.32,1.91,-1.22
300967,晓鸣股份,1,0,0.30,0.00,0.54,0.02
300437,清水源,1,0,0.17,-0.03,0.18,-0.03
603000,人民网,1,0,0.59,0.06,0.59,0.06
600436,片仔癀,1,-1,1.23,-0.85,1.23,-0.85
600481,双良节能,1,1,0.52,0.52,0.60,0.60
301025,读客文化,1,0,0.13,0.01,0.45,-0.73
002683,广东宏大,1,1,0.81,0.81,0.81,0.81
603300,华铁应急,1,-2,2.46,-5.61,2.46,-5.71
000753,漳州发展,1,0,0.46,-0.15,0.46,-0.15
688289,圣湘生物,1,0,0.83,-0.38,1.40,-0.64
600557,康缘药业,1,0,0.96,0.05,0.97,0.06
000563,陕国投A,1,0,0.23,0.01,0.23,0.01
600233,圆通速递,1,0,0.91,0.00,0.91,0.00
301063,海锅股份,1,0,0.35,0.05,0.72,-0.46
301179,泽宇智能,1,1,0.38,0.38,1.65,1.65
300723,一品红,1,-1,0.72,-0.36,1.55,-0.80
300494,盛天网络,1,0,2.07,1.19,2.07,1.19
688569,铁科轨道,1,1,0.23,0.23,0.37,0.37
300401,花园生物,1,0,1.85,0.99,1.85,0.99
688697,纽威数控,1,1,0.16,0.16,0.65,0.65
300918,南山智尚,1,0,0.27,0.13,0.90,0.42
605589,圣泉集团,1,-3,1.55,-0.53,1.95,-17.95
688289,圣湘生物,1,0,0.83,-0.38,1.40,-0.64
001219,青岛食品,1,-2,0.10,-0.31,0.42,-1.23
300402,宝色股份,1,-3,0.15,-1.13,0.15,-1.13
003039,顺控发展,1,0,0.11,0.00,0.57,0.00
688569,铁科轨道,1,1,0.23,0.23,0.37,0.37
300401,花园生物,1,0,1.85,0.99,1.85,0.99
300684,中石科技,1,1,0.33,0.33,0.33,0.33
300494,盛天网络,1,0,2.07,1.19,2.07,1.19
002273,水晶光电,1,0,1.62,0.22,1.62,0.22
600233,圆通速递,1,0,0.91,0.00,0.91,0.00
002009,天奇股份,1,0,0.97,0.14,0.99,0.14
600557,康缘药业,1,0,0.96,0.05,0.97,0.06
300918,南山智尚,1,0,0.27,0.13,0.90,0.42
300154,瑞凌股份,1,0,0.20,0.06,0.20,0.06
603300,华铁应急,1,-2,2.46,-5.61,2.46,-5.71
002039,黔源电力,1,-1,3.00,-1.19,3.00,-1.19
301212,联盛化学,1,1,0.27,0.27,1.16,1.16
600481,双良节能,1,1,0.52,0.52,0.60,0.60
300921,南凌科技,1,-1,0.24,-0.14,0.52,-0.28
002294,信立泰,1,0,0.53,0.00,0.53,0.00
300437,清水源,1,0,0.17,-0.03,0.18,-0.03
301152,天力锂能,1,1,0.16,0.16,0.72,0.72
603392,万泰生物,1,-1,0.46,-0.32,1.91,-1.22
600436,片仔癀,1,-1,1.23,-0.85,1.23,-0.85
000868,安凯客车,1,1,0.37,0.37,0.37,0.37
002167,东方锆业,1,0,0.41,0.01,0.44,0.02
301288,清研环境,1,1,0.09,0.09,0.39,0.39
000753,漳州发展,1,0,0.46,-0.15,0.46,-0.15
300261,雅本化学,1,1,0.37,0.37,0.37,0.37
600660,福耀玻璃,1,0,1.57,-0.16,2.04,-0.21
300645,正元智慧,1,1,0.80,0.80,0.80,0.80
600309,万华化学,1,0,0.60,0.09,0.60,0.09
600388,ST龙净,1,1,1.06,1.06,1.06,1.06
301025,读客文化,1,0,0.13,0.01,0.45,-0.73
002301,齐心集团,1,-1,4.77,-0.94,4.77,-0.94
600750,江中药业,1,0,0.39,-0.20,0.39,-0.21
301059,金三江,1,1,0.36,0.36,1.25,1.25
002696,百洋股份,1,1,0.70,0.70,0.70,0.70
000519,中兵红箭,1,-1,0.79,-0.87,0.79,-0.87
301171,易点天下,1,1,0.05,0.05,0.32,0.32
000751,锌业股份,1,1,0.19,0.19,0.19,0.19
300463,迈克生物,1,-1,1.01,-0.55,1.01,-0.70
301200,大族数控,1,-2,0.04,-0.28,0.39,-2.99
603615,茶花股份,1,0,0.73,0.26,0.73,0.26
003041,真爱美家,1,1,0.18,0.18,0.56,0.56
300527,中船应急,1,0,0.33,-0.03,0.33,-0.03
002273,水晶光电,1,0,1.62,0.22,1.62,0.22
300684,中石科技,1,1,0.33,0.33,0.33,0.33
600829,人民同泰,1,0,0.37,0.11,0.37,0.11
300414,中光防雷,1,0,0.65,0.47,0.65,0.47
600660,福耀玻璃,1,0,1.57,-0.16,2.04,-0.21
301179,泽宇智能,1,1,0.38,0.38,1.65,1.65
002051,中工国际,1,0,0.58,0.01,0.65,0.01
603000,人民网,1,0,0.59,0.06,0.59,0.06
688289,圣湘生物,1,0,0.83,-0.38,1.40,-0.64
300160,秀强股份,1,-2,0.51,-0.63,0.52,-0.63
003039,顺控发展,1,0,0.11,0.00,0.57,0.00
301212,联盛化学,1,1,0.27,0.27,1.16,1.16
688109,品茗科技,1,-1,1.62,-0.60,3.39,-1.26
301152,天力锂能,1,1,0.16,0.16,0.72,0.72
600312,平高电气,1,1,0.57,0.57,0.57,0.57
300471,厚普股份,1,1,1.54,1.54,1.63,1.63
600795,国电电力,1,1,0.83,0.83,0.83,0.83
300918,南山智尚,1,0,0.27,0.13,0.90,0.42
300261,雅本化学,1,1,0.37,0.37,0.37,0.37
002087,新野纺织,1,1,0.46,0.46,0.46,0.46
300002,神州泰岳,1,0,1.19,0.12,1.19,0.12
002039,黔源电力,1,-1,3.00,-1.19,3.00,-1.19
002683,广东宏大,1,1,0.81,0.81,0.81,0.81
301161,唯万密封,1,1,0.14,0.14,0.57,0.57
300223,北京君正,1,0,3.79,0.14,3.82,0.14
301150,中一科技,1,0,0.12,-0.03,0.58,-0.15
603565,中谷物流,1,-1,0.69,-1.34,2.27,-4.36
300106,西部牧业,1,1,0.21,0.21,0.21,0.21
301025,读客文化,1,0,0.13,0.01,0.45,-0.73
300967,晓鸣股份,1,0,0.30,0.00,0.54,0.02
002860,星帅尔,1,0,0.55,-0.29,0.56,-0.31
300401,花园生物,1,0,1.85,0.99,1.85,0.99
300585,奥联电子,1,1,0.51,0.51,0.54,0.54
002896,中大力德,1,0,0.47,-1.80,0.47,-1.80
000753,漳州发展,1,0,0.46,-0.15,0.46,-0.15
000533,顺钠股份,1,0,0.34,-0.13,0.34,-0.13
600436,片仔癀,1,-1,1.23,-0.85,1.23,-0.85
600511,国药股份,1,0,0.24,0.01,0.33,0.01
600750,江中药业,1,0,0.39,-0.20,0.39,-0.21
600309,万华化学,1,0,0.60,0.09,0.60,0.09
300396,迪瑞医疗,1,1,0.76,0.76,0.78,0.78
301059,金三江,1,1,0.36,0.36,1.25,1.25
300918,南山智尚,1,0,0.27,0.13,0.90,0.42
001219,青岛食品,1,-2,0.10,-0.31,0.42,-1.23
301161,唯万密封,1,1,0.14,0.14,0.57,0.57
600829,人民同泰,1,0,0.37,0.11,0.37,0.11
000791,甘肃电投,1,1,0.11,0.11,0.11,0.11
301227,森鹰窗业,1,1,0.58,0.58,2.45,2.45
300002,神州泰岳,1,0,1.19,0.12,1.19,0.12
002788,鹭燕医药,1,1,0.37,0.37,0.37,0.37
301171,易点天下,1,1,0.05,0.05,0.32,0.32
300831,派瑞股份,1,1,0.24,0.24,0.41,0.41
000868,安凯客车,1,1,0.37,0.37,0.37,0.37
002892,科力尔,1,1,0.45,0.45,0.45,0.45
600157,永泰能源,1,0,0.95,-0.19,0.95,-0.19
002087,新野纺织,1,1,0.46,0.46,0.46,0.46
603565,中谷物流,1,-1,0.69,-1.34,2.27,-4.36
300337,银邦股份,1,1,1.20,1.20,1.20,1.20
003041,真爱美家,1,1,0.18,0.18,0.56,0.56
002294,信立泰,1,0,0.53,0.00,0.53,0.00
300726,宏达电子,1,-1,0.70,-0.99,0.70,-1.04
301150,中一科技,1,0,0.12,-0.03,0.58,-0.15
300223,北京君正,1,0,3.79,0.14,3.82,0.14
002384,东山精密,1,0,1.39,-0.64,1.39,-0.64
300967,晓鸣股份,1,0,0.30,0.00,0.54,0.02
300572,安车检测,1,-1,0.88,-1.35,0.88,-1.35
301063,海锅股份,1,0,0.35,0.05,0.72,-0.46
000722,湖南发展,1,0,0.18,0.05,0.18,0.05
300494,盛天网络,1,0,2.07,1.19,2.07,1.19
300943,春晖智控,1,1,0.34,0.34,0.58,0.58
000563,陕国投A,1,0,0.23,0.01,0.23,0.01
300047,天源迪科,1,0,0.31,0.00,0.31,0.00
605088,冠盛股份,1,0,2.07,1.46,4.46,3.15
000533,顺钠股份,1,0,0.34,-0.13,0.34,-0.13
300755,华致酒行,1,-2,1.68,-1.03,1.68,-1.03
603993,洛阳钼业,1,0,0.87,0.05,1.07,0.06
300918,南山智尚,1,0,0.27,0.13,0.90,0.42
300900,广联航空,1,-1,2.13,0.67,3.24,1.01
300831,派瑞股份,1,1,0.24,0.24,0.41,0.41
300154,瑞凌股份,1,0,0.20,0.06,0.20,0.06
300967,晓鸣股份,1,0,0.30,0.00,0.54,0.02
300019,硅宝科技,1,0,0.67,-0.80,0.67,-0.81
301071,力量钻石,1,-6,0.72,-1.24,2.14,-5.69
300239,东宝生物,1,1,1.11,1.11,1.25,1.25
600829,人民同泰,1,0,0.37,0.11,0.37,0.11
002788,鹭燕医药,1,1,0.37,0.37,0.37,0.37
000415,渤海租赁,1,0,0.73,0.00,1.13,0.01
000628,高新发展,1,1,0.93,0.93,1.70,1.70
300783,三只松鼠,1,-1,0.66,-0.50,0.66,-1.38
002546,新联电子,1,0,0.44,0.11,0.44,0.11
000751,锌业股份,1,1,0.19,0.19,0.19,0.19
600505,西昌电力,1,1,0.24,0.24,0.24,0.24
603389,亚振家居,1,1,0.35,0.35,0.35,0.35
002237,恒邦股份,1,0,0.81,0.07,1.02,0.09
301119,正强股份,1,0,0.16,0.08,0.63,0.31
003041,真爱美家,1,1,0.18,0.18,0.56,0.56
000610,西安旅游,1,0,0.74,0.19,0.74,0.18
002075,沙钢股份,1,0,0.31,-0.13,0.31,-0.13
300414,中光防雷,1,0,0.65,0.47,0.65,0.47
603186,华正新材,1,0,0.80,-4.03,0.81,-4.03
300155,安居宝,1,0,0.43,0.13,0.43,0.13
003006,百亚股份,1,-1,0.55,-0.06,1.09,-0.12
003039,顺控发展,1,0,0.11,0.00,0.57,0.00
300517,海波重科,1,0,0.46,-0.01,0.46,-0.01
600312,平高电气,1,1,0.57,0.57,0.57,0.57
002273,水晶光电,1,0,1.62,0.22,1.62,0.22
301212,联盛化学,1,1,0.27,0.27,1.16,1.16
688068,热景生物,1,0,0.20,-0.03,0.28,-0.04
002394,联发股份,1,-1,0.50,-1.15,0.50,-1.15
300284,苏交科,1,-1,0.84,-1.02,1.09,-1.33
300383,光环新网,1,0,0.51,-0.31,0.51,-0.45
002087,新野纺织,1,1,0.46,0.46,0.46,0.46
300402,宝色股份,1,-3,0.15,-1.13,0.15,-1.13
000850,华茂股份,1,1,0.37,0.37,0.37,0.37
603565,中谷物流,1,-1,0.69,-1.34,2.27,-4.36
002294,信立泰,1,0,0.53,0.00,0.53,0.00
300021,大禹节水,1,0,0.51,0.15,0.52,0.13
000722,湖南发展,1,0,0.18,0.05,0.18,0.05
300154,瑞凌股份,1,0,0.20,0.06,0.20,0.06
688068,热景生物,1,0,0.20,-0.03,0.28,-0.04
002064,华峰化学,1,-1,0.72,0.06,1.53,-0.11
300160,秀强股份,1,-2,0.51,-0.63,0.52,-0.63
002696,百洋股份,1,1,0.70,0.70,0.70,0.70
300589,江龙船艇,1,0,0.50,-0.51,0.50,-0.51
603060,国检集团,1,-1,0.67,-1.71,0.67,-1.71
300009,安科生物,1,0,1.12,0.12,1.12,0.12
002890,弘宇股份,1,1,0.98,0.98,0.98,0.98
300645,正元智慧,1,1,0.80,0.80,0.80,0.80
300921,南凌科技,1,-1,0.24,-0.14,0.52,-0.28
300002,神州泰岳,1,0,1.19,0.12,1.19,0.12
000155,川能动力,1,1,0.41,0.41,0.47,0.47
300746,汉嘉设计,1,0,0.55,-0.29,0.55,-0.32
301288,清研环境,1,1,0.09,0.09,0.39,0.39
002026,山东威达,1,0,0.40,-0.05,0.42,-0.05
300066,三川智慧,1,1,0.88,0.88,0.88,0.88
301171,易点天下,1,1,0.05,0.05,0.32,0.32
000868,安凯客车,1,1,0.37,0.37,0.37,0.37
300353,东土科技,1,1,0.82,0.82,0.82,0.82
000909,数源科技,1,0,0.37,-0.26,0.44,-0.30
300959,线上线下,1,-1,0.50,0.20,1.07,0.42
603615,茶花股份,1,0,0.73,0.26,0.73,0.26
000012,南玻A,1,-1,2.11,-1.19,3.30,-1.87
300212,易华录,1,0,0.40,-0.82,0.41,-0.85
002273,水晶光电,1,0,1.62,0.22,1.62,0.22
603813,原尚股份,1,-1,0.88,-0.37,1.05,-0.20
300364,中文在线,1,0,0.94,0.08,0.95,0.09
300978,东箭科技,1,1,0.97,0.97,2.24,2.24
002301,齐心集团,1,-1,4.77,-0.94,4.77,-0.94
301116,益客食品,1,0,0.10,0.01,1.04,0.04
300010,豆神教育,1,0,0.37,-0.13,0.37,-0.13
300511,雪榕生物,1,-1,2.23,1.70,2.25,1.62
301071,力量钻石,1,-6,0.72,-1.24,2.14,-5.69
600796,钱江生化,1,0,0.27,0.10,0.77,0.29
600309,万华化学,1,0,0.60,0.09,0.60,0.09
300955,嘉亨家化,1,0,1.23,0.00,2.75,0.00
300762,上海瀚讯,1,-1,1.71,-1.02,1.71,-1.03
001231,农心科技,1,1,0.12,0.12,0.48,0.48
600795,国电电力,1,1,0.83,0.83,0.83,0.83
002009,天奇股份,1,0,0.97,0.14,0.99,0.14
301206,三元生物,1,0,0.22,0.01,0.90,0.02
603429,集友股份,1,-1,1.46,-4.68,1.48,-4.76
300690,双一科技,1,0,1.00,0.66,1.01,0.66
300471,厚普股份,1,1,1.54,1.54,1.63,1.63
600746,江苏索普,1,0,0.12,-0.01,0.33,-0.02
605589,圣泉集团,1,-3,1.55,-0.53,1.95,-17.95
300160,秀强股份,1,-2,0.51,-0.63,0.52,-0.63
301211,亨迪药业,1,0,0.07,-0.06,0.28,-0.24
600963,岳阳林纸,1,0,0.50,0.00,0.51,0.00
002039,黔源电力,1,-1,3.00,-1.19,3.00,-1.19
300755,华致酒行,1,-2,1.68,-1.03,1.68,-1.03
002307,北新路桥,1,0,0.87,0.61,1.01,0.71
000610,西安旅游,1,0,0.74,0.19,0.74,0.18
002546,新联电子,1,0,0.44,0.11,0.44,0.11
300239,东宝生物,1,1,1.11,1.11,1.25,1.25
002792,通宇通讯,1,0,0.58,-0.56,0.58,-0.56
300337,银邦股份,1,1,1.20,1.20,1.20,1.20
300070,碧水源,1,-1,0.42,-1.07,0.48,-1.23
000559,万向钱潮,1,0,0.19,-0.04,0.23,-0.05
002301,齐心集团,1,-1,4.77,-0.94,4.77,-0.94
300114,中航电测,1,-1,0.26,-0.92,0.26,-0.92
301023,江南奕帆,1,1,1.07,1.07,1.83,1.83
600356,恒丰纸业,1,1,0.61,0.61,0.61,0.61
605088,冠盛股份,1,0,2.07,1.46,4.46,3.15
000721,西安饮食,1,0,0.21,-0.01,0.28,-0.01
300959,线上线下,1,-1,0.50,0.20,1.07,0.42
300717,华信新材,1,1,0.46,0.46,0.46,0.46
300691,联合光电,1,1,0.82,0.82,0.97,0.97
688221,前沿生物,1,1,0.75,0.75,1.49,1.49
001219,青岛食品,1,-2,0.10,-0.31,0.42,-1.23
300106,西部牧业,1,1,0.21,0.21,0.21,0.21
301161,唯万密封,1,1,0.14,0.14,0.57,0.57
301227,森鹰窗业,1,1,0.58,0.58,2.45,2.45
301119,正强股份,1,0,0.16,0.08,0.63,0.31
301071,力量钻石,1,-6,0.72,-1.24,2.14,-5.69
300521,爱司凯,1,1,0.52,0.52,0.52,0.52
000791,甘肃电投,1,1,0.11,0.11,0.11,0.11
300683,海特生物,1,0,0.56,-0.54,0.57,-0.54
301221,光庭信息,1,-3,0.78,-1.11,3.20,-4.56
002566,益盛药业,1,0,0.44,0.12,0.44,0.12
300353,东土科技,1,1,0.82,0.82,0.82,0.82
000909,数源科技,1,0,0.37,-0.26,0.44,-0.30
300337,银邦股份,1,1,1.20,1.20,1.20,1.20
002272,川润股份,1,0,0.42,0.00,0.43,0.00
300331,苏大维格,1,0,4.97,1.37,5.07,1.40
002204,大连重工,1,1,0.18,0.18,0.18,0.18
688247,宣泰医药,1,1,0.14,0.14,1.52,1.52
301023,江南奕帆,1,1,1.07,1.07,1.83,1.83
300978,东箭科技,1,1,0.97,0.97,2.24,2.24
300572,安车检测,1,-1,0.88,-1.35,0.88,-1.35
300351,永贵电器,1,0,1.11,0.00,1.11,0.00
300332,天壕环境,1,1,0.86,0.86,0.86,0.86
300010,豆神教育,1,0,0.37,-0.13,0.37,-0.13
600796,钱江生化,1,0,0.27,0.10,0.77,0.29
002999,天禾股份,1,1,0.45,0.45,0.69,0.69
600824,益民集团,1,1,0.25,0.25,0.25,0.25
688689,银河微电,1,-1,0.39,-0.23,1.42,-0.84
002237,恒邦股份,1,0,0.81,0.07,1.02,0.09
300079,数码视讯,1,0,0.59,0.05,0.59,0.05
300284,苏交科,1,-1,0.84,-1.02,1.09,-1.33
003001,中岩大地,1,0,0.27,-0.31,0.66,-0.75
300047,天源迪科,1,0,0.31,0.00,0.31,0.00
300950,德固特,1,1,0.35,0.35,0.86,0.86
300824,北鼎股份,1,0,0.49,0.00,1.04,0.00
002205,国统股份,1,-1,0.26,-0.28,0.26,-0.28
300783,三只松鼠,1,-1,0.66,-0.50,0.66,-1.38
600740,山西焦化,1,-1,0.52,-0.43,0.52,-0.43
300611,美力科技,1,0,1.95,-0.29,1.95,-0.29
002064,华峰化学,1,-1,0.72,0.06,1.53,-0.11
300065,海兰信,1,1,0.62,0.62,0.62,0.62
002026,山东威达,1,0,0.40,-0.05,0.42,-0.05
002166,莱茵生物,1,1,1.49,1.49,1.93,1.93
301331,恩威医药,1,1,0.29,0.29,1.15,1.15
301183,东田微,1,1,0.11,0.11,0.45,0.45
603615,茶花股份,1,0,0.73,0.26,0.73,0.26
002888,惠威科技,1,1,0.45,0.45,0.45,0.45
300955,嘉亨家化,1,0,1.23,0.00,2.75,0.00
600802,福建水泥,1,0,0.29,-0.01,0.29,-0.01
000610,西安旅游,1,0,0.74,0.19,0.74,0.18
300953,震裕科技,1,1,1.85,1.85,3.78,3.78
300127,银河磁体,1,0,0.19,-0.02,0.19,-0.02
300070,碧水源,1,-1,0.42,-1.07,0.48,-1.23
300114,中航电测,1,-1,0.26,-0.92,0.26,-0.92
002328,新朋股份,1,0,0.69,0.19,0.69,0.18
002576,通达动力,1,0,0.83,0.00,0.83,0.00
002166,莱茵生物,1,1,1.49,1.49,1.93,1.93
002079,苏州固锝,1,0,0.79,0.19,0.81,0.20
300463,迈克生物,1,-1,1.01,-0.55,1.01,-0.70
300898,熊猫乳品,1,0,0.48,-0.01,1.04,0.00
301200,大族数控,1,-2,0.04,-0.28,0.39,-2.99
001216,华瓷股份,1,0,0.19,0.02,0.78,0.11
300922,天秦装备,1,0,0.51,-0.04,0.77,-0.07
300691,联合光电,1,1,0.82,0.82,0.97,0.97
002792,通宇通讯,1,0,0.58,-0.56,0.58,-0.56
300396,迪瑞医疗,1,1,0.76,0.76,0.78,0.78
300981,中红医疗,1,0,0.60,0.28,1.50,0.69
300972,万辰生物,1,1,0.31,0.31,0.64,0.64
603826,坤彩科技,1,0,1.38,-0.06,1.38,-0.06
603551,奥普家居,1,1,0.40,0.40,1.20,1.20
600483,福能股份,1,-2,0.75,-1.50,0.83,-1.69
300869,康泰医学,1,0,0.66,0.25,1.24,0.47
603321,梅轮电梯,1,0,0.62,0.19,0.62,0.19
688501,青达环保,1,-1,1.24,-1.03,1.91,-7.66
688109,品茗科技,1,-1,1.62,-0.60,3.39,-1.26
603306,华懋科技,1,1,0.84,0.84,0.84,0.84
600980,北矿科技,1,-1,0.22,-0.55,0.28,-0.60
603919,金徽酒,1,0,3.49,0.40,3.49,0.40
601566,九牧王,1,0,1.77,-0.41,1.77,-0.41
002580,圣阳股份,1,-1,0.31,-0.28,0.40,-0.37
301339,通行宝,1,1,0.03,0.03,0.22,0.22
002969,嘉美包装,1,0,0.32,0.11,0.69,0.23
300002,神州泰岳,1,0,1.19,0.12,1.19,0.12
300019,硅宝科技,1,0,0.67,-0.80,0.67,-0.81
688663,新风光,1,0,1.14,-0.38,1.85,-0.61
300319,麦捷科技,1,0,0.52,0.02,0.57,0.02
301116,益客食品,1,0,0.10,0.01,1.04,0.04
002312,川发龙蟒,1,-1,0.55,-0.77,0.77,-0.96
688111,金山办公,1,0,1.39,0.31,2.93,0.65
600523,贵航股份,1,0,0.36,0.03,0.36,0.03
300471,厚普股份,1,1,1.54,1.54,1.63,1.63
300423,昇辉科技,1,1,2.15,2.15,2.16,2.16
002544,普天科技,1,0,1.54,-0.12,1.58,-0.12
300726,宏达电子,1,-1,0.70,-0.99,0.70,-1.04
000676,智度股份,1,0,0.71,0.07,0.72,0.03
301150,中一科技,1,0,0.12,-0.03,0.58,-0.15
002125,湘潭电化,1,1,0.38,0.38,0.40,0.40
301180,万祥科技,1,0,0.92,0.83,9.21,8.30
300527,中船应急,1,0,0.33,-0.03,0.33,-0.03
300223,北京君正,1,0,3.79,0.14,3.82,0.14
301221,光庭信息,1,-3,0.78,-1.11,3.20,-4.56
002384,东山精密,1,0,1.39,-0.64,1.39,-0.64
002860,星帅尔,1,0,0.55,-0.29,0.56,-0.31
301011,华立科技,1,1,1.63,1.63,3.06,3.06
000671,阳光城,1,0,0.38,-0.25,0.38,-0.25
300353,东土科技,1,1,0.82,0.82,0.82,0.82
300131,英唐智控,1,1,0.45,0.45,0.47,0.47
300066,三川智慧,1,1,0.88,0.88,0.88,0.88
605399,晨光新材,1,-1,0.41,-0.18,1.16,-0.53
688332,中科蓝讯,1,1,0.07,0.07,0.28,0.28
000720,新能泰山,1,0,0.38,-0.24,0.38,-0.24
300585,奥联电子,1,1,0.51,0.51,0.54,0.54
300902,国安达,1,1,0.40,0.40,0.85,0.85
605151,西上海,1,-1,0.19,-0.71,0.41,-1.48
000909,数源科技,1,0,0.37,-0.26,0.44,-0.30
002961,瑞达期货,1,0,1.85,-0.13,1.85,-6.25
688737,中自科技,1,-1,0.17,-1.42,0.80,-6.48
000803,山高环能,1,-1,1.19,-0.97,1.44,-1.21
300344,立方数科,1,1,0.50,0.50,0.65,0.65
600983,惠而浦,1,1,0.18,0.18,0.18,0.18
002892,科力尔,1,1,0.45,0.45,0.45,0.45
300943,春晖智控,1,1,0.34,0.34,0.58,0.58
603848,好太太,1,1,0.37,0.37,0.37,0.37
301135,瑞德智能,1,1,0.12,0.12,0.54,0.54
301109,军信股份,1,1,0.06,0.06,0.29,0.29
600980,北矿科技,1,-1,0.22,-0.55,0.28,-0.60
688689,银河微电,1,-1,0.39,-0.23,1.42,-0.84
002999,天禾股份,1,1,0.45,0.45,0.69,0.69
603393,新天然气,1,1,0.57,0.57,0.65,0.65
600157,永泰能源,1,0,0.95,-0.19,0.95,-0.19
301206,三元生物,1,0,0.22,0.01,0.90,0.02
688306,均普智能,1,0,0.08,-0.02,0.36,-0.08
300283,温州宏丰,1,0,0.27,-0.35,0.27,-0.35
002515,金字火腿,1,1,0.45,0.45,0.45,0.45
002971,和远气体,1,-1,0.87,-1.73,1.30,-2.58
300062,中能电气,1,1,0.24,0.24,0.24,0.24
301211,亨迪药业,1,0,0.07,-0.06,0.28,-0.24
002107,沃华医药,1,1,0.21,0.21,0.21,0.21
601116,三江购物,1,1,0.27,0.27,0.27,0.27
300521,爱司凯,1,1,0.52,0.52,0.52,0.52
603619,中曼石油,1,0,1.08,-0.01,1.08,-0.01
300690,双一科技,1,0,1.00,0.66,1.01,0.66
300890,翔丰华,1,0,1.47,-0.37,1.99,-0.37
301286,侨源股份,1,1,0.65,0.65,7.72,7.72
002307,北新路桥,1,0,0.87,0.61,1.01,0.71
688278,特宝生物,1,1,0.79,0.79,1.45,1.45
600630,龙头股份,1,1,0.24,0.24,0.24,0.24
603015,弘讯科技,1,1,0.39,0.39,0.39,0.39
301228,实朴检测,1,0,0.17,0.02,0.74,0.06
301043,绿岛风,1,1,0.19,0.19,0.71,0.71
002816,和科达,1,1,0.77,0.77,0.77,0.77
300805,电声股份,1,-1,1.43,-0.40,4.73,-1.34
301023,江南奕帆,1,1,1.07,1.07,1.83,1.83
300570,太辰光,1,1,1.14,1.14,1.14,1.14
300047,天源迪科,1,0,0.31,0.00,0.31,0.00
605088,冠盛股份,1,0,2.07,1.46,4.46,3.15
300717,华信新材,1,1,0.46,0.46,0.46,0.46
600017,日照港,1,1,0.93,0.93,0.93,0.93
600963,岳阳林纸,1,0,0.50,0.00,0.51,0.00
300307,慈星股份,1,0,0.63,0.00,0.63,0.00
300235,方直科技,1,1,0.32,0.32,0.32,0.32
002890,弘宇股份,1,1,0.98,0.98,0.98,0.98
603826,坤彩科技,1,0,1.38,-0.06,1.38,-0.06
601615,明阳智能,1,1,1.63,1.63,1.75,1.75
002574,明牌珠宝,1,0,0.24,-0.23,0.24,-0.23
603038,华立股份,1,1,0.77,0.77,0.77,0.77
300866,安克创新,1,1,1.82,1.82,4.52,4.52
300563,神宇股份,1,0,0.63,0.33,0.63,0.33
300746,汉嘉设计,1,0,0.55,-0.29,0.55,-0.32
688520,神州细胞,1,0,0.46,0.00,2.19,0.00
300819,聚杰微纤,1,1,0.15,0.15,0.52,0.52
002350,北京科锐,1,1,0.36,0.36,0.36,0.36
300066,三川智慧,1,1,0.88,0.88,0.88,0.88
003011,海象新材,1,1,0.86,0.86,1.45,1.45
600633,浙数文化,1,0,0.71,0.07,0.71,0.07
002750,龙津药业,1,-1,0.18,-0.23,0.18,-0.23
301231,荣信文化,1,1,0.27,0.27,1.14,1.14
300771,智莱科技,1,1,0.47,0.47,0.47,0.47
300959,线上线下,1,-1,0.50,0.20,1.07,0.42
688247,宣泰医药,1,1,0.14,0.14,1.52,1.52
000155,川能动力,1,1,0.41,0.41,0.47,0.47
002545,东方铁塔,1,-2,0.67,-1.31,0.67,-1.34
603589,口子窖,1,0,4.89,0.20,4.89,0.20
688278,特宝生物,1,1,0.79,0.79,1.45,1.45
002112,三变科技,1,1,0.52,0.52,0.52,0.52
603813,原尚股份,1,-1,0.88,-0.37,1.05,-0.20
300548,博创科技,1,-1,2.63,-1.55,2.63,-1.56
300845,捷安高科,1,1,0.31,0.31,0.45,0.45
002334,英威腾,1,1,0.74,0.74,0.74,0.74
601901,方正证券,1,0,1.11,0.10,1.11,0.10
300721,怡达股份,1,1,3.16,3.16,3.17,3.17
603196,日播时尚,1,1,0.76,0.76,0.77,0.77
002553,南方精工,1,0,0.27,-0.77,0.27,-0.77
002338,奥普光电,1,0,0.81,-0.03,0.81,-0.03
002888,惠威科技,1,1,0.45,0.45,0.45,0.45
600184,光电股份,1,0,0.47,-0.05,0.47,-0.05
000926,福星股份,1,0,0.51,-0.32,0.51,-0.32
300953,震裕科技,1,1,1.85,1.85,3.78,3.78
300117,嘉寓股份,1,0,0.16,-0.08,0.16,-0.08
003004,声迅股份,1,1,0.46,0.46,1.06,1.06
002986,宇新股份,1,0,1.49,0.00,2.14,0.00
301221,光庭信息,1,-3,0.78,-1.11,3.20,-4.56
002579,中京电子,1,1,0.31,0.31,0.31,0.31
600980,北矿科技,1,-1,0.22,-0.55,0.28,-0.60
002921,联诚精密,1,0,1.23,0.27,1.24,0.04
600489,中金黄金,1,1,1.12,1.12,1.24,1.24
003004,声迅股份,1,1,0.46,0.46,1.06,1.06
300488,恒锋工具,1,-1,0.24,-0.45,0.24,-0.45
002438,江苏神通,1,-3,0.68,-4.35,0.68,-4.57
000919,金陵药业,1,1,0.30,0.30,0.30,0.30
300445,康斯特,1,0,1.44,0.10,1.44,0.10
600505,西昌电力,1,1,0.24,0.24,0.24,0.24
002969,嘉美包装,1,0,0.32,0.11,0.69,0.23
000415,渤海租赁,1,0,0.73,0.00,1.13,0.01
000755,山西路桥,1,1,0.13,0.13,0.30,0.30
300588,熙菱信息,1,1,0.51,0.51,0.51,0.51
002298,中电兴发,1,0,0.45,-0.10,0.45,-0.10
002125,湘潭电化,1,1,0.38,0.38,0.40,0.40
600871,石化油服,1,0,0.10,0.01,0.14,0.01
002544,普天科技,1,0,1.54,-0.12,1.58,-0.12
301339,通行宝,1,1,0.03,0.03,0.22,0.22
002116,中国海诚,1,-1,0.26,-0.04,0.26,-0.04
300439,美康生物,1,1,0.22,0.22,0.22,0.22
600273,嘉化能源,1,0,0.87,0.01,0.87,0.01
002896,中大力德,1,0,0.47,-1.80,0.47,-1.80
000533,顺钠股份,1,0,0.34,-0.13,0.34,-0.13
688600,皖仪科技,1,1,1.11,1.11,2.16,2.16
002749,国光股份,1,1,2.30,2.30,2.32,2.32
605337,李子园,1,-1,1.88,-0.43,4.80,-1.11
688247,宣泰医药,1,1,0.14,0.14,1.52,1.52
603919,金徽酒,1,0,3.49,0.40,3.49,0.40
301119,正强股份,1,0,0.16,0.08,0.63,0.31
301071,力量钻石,1,-6,0.72,-1.24,2.14,-5.69
300275,梅安森,1,-3,4.11,-4.20,4.14,-4.30
600309,万华化学,1,0,0.60,0.09,0.60,0.09
002803,吉宏股份,1,0,0.71,0.07,0.71,0.07
600367,红星发展,1,1,0.43,0.43,0.43,0.43
300950,德固特,1,1,0.35,0.35,0.86,0.86
001202,炬申股份,1,0,0.19,0.06,0.60,0.18
002292,奥飞娱乐,1,0,0.43,-0.44,0.43,-0.44
002065,东华软件,1,0,0.33,0.02,0.33,0.02
300589,江龙船艇,1,0,0.50,-0.51,0.50,-0.51
300548,博创科技,1,-1,2.63,-1.55,2.63,-1.56
688689,银河微电,1,-1,0.39,-0.23,1.42,-0.84
002285,世联行,1,0,0.38,-0.25,0.38,-0.25
300332,天壕环境,1,1,0.86,0.86,0.86,0.86
000720,新能泰山,1,0,0.38,-0.24,0.38,-0.24
300055,万邦达,1,0,2.49,0.00,2.49,0.00
300364,中文在线,1,0,0.94,0.08,0.95,0.09
003011,海象新材,1,1,0.86,0.86,1.45,1.45
300331,苏大维格,1,0,4.97,1.37,5.07,1.40
300818,耐普矿机,1,0,0.38,-0.24,0.82,-0.51
300978,东箭科技,1,1,0.97,0.97,2.24,2.24
300131,英唐智控,1,1,0.45,0.45,0.47,0.47
002204,大连重工,1,1,0.18,0.18,0.18,0.18
605058,澳弘电子,1,0,0.37,0.10,1.23,0.35
688332,中科蓝讯,1,1,0.07,0.07,0.28,0.28
002961,瑞达期货,1,0,1.85,-0.13,1.85,-6.25
688737,中自科技,1,-1,0.17,-1.42,0.80,-6.48
301009,可靠股份,1,0,0.74,0.00,2.01,-0.03
003816,中国广核,1,-1,0.33,-0.08,0.43,-1.70
603022,新通联,1,1,0.93,0.93,0.93,0.93
605007,五洲特纸,1,0,0.44,0.16,2.15,0.77
605151,西上海,1,-1,0.19,-0.71,0.41,-1.48
300147,香雪制药,1,0,0.30,0.01,0.30,0.01
000629,钒钛股份,1,-1,1.92,-0.51,1.92,-0.51
601116,三江购物,1,1,0.27,0.27,0.27,0.27
600719,ST热电,1,0,0.84,-0.59,0.84,-0.59
002286,保龄宝,1,1,0.62,0.62,0.63,0.63
002231,奥维通信,1,1,0.79,0.79,0.79,0.79
605399,晨光新材,1,-1,0.41,-0.18,1.16,-0.53
603393,新天然气,1,1,0.57,0.57,0.65,0.65
001231,农心科技,1,1,0.12,0.12,0.48,0.48
605188,国光连锁,1,0,0.12,0.00,0.98,0.00
605055,迎丰股份,1,0,0.09,-0.04,0.38,-0.18
603255,鼎际得,1,1,1.28,1.28,5.12,5.12
688306,均普智能,1,0,0.08,-0.02,0.36,-0.08
300039,上海凯宝,1,0,0.26,0.00,0.26,0.00
002090,金智科技,1,1,0.46,0.46,0.46,0.46
603535,嘉诚国际,1,1,1.81,1.81,1.93,1.93
603618,杭电股份,1,1,0.25,0.25,0.25,0.25
002433,ST太安,1,1,0.33,0.33,0.33,0.33
000709,河钢股份,1,1,0.19,0.19,0.19,0.19
300783,三只松鼠,1,-1,0.66,-0.50,0.66,-1.38
300988,津荣天宇,1,1,0.21,0.21,0.49,0.49
300900,广联航空,1,-1,2.13,0.67,3.24,1.01
688090,瑞松科技,1,1,2.25,2.25,3.27,3.27
600802,福建水泥,1,0,0.29,-0.01,0.29,-0.01
600017,日照港,1,1,0.93,0.93,0.93,0.93
600963,岳阳林纸,1,0,0.50,0.00,0.51,0.00
600693,东百集团,1,1,0.26,0.26,0.26,0.26
001209,洪兴股份,1,-1,0.15,-0.15,0.52,-0.70
301119,正强股份,1,0,0.16,0.08,0.63,0.31
600769,祥龙电业,1,0,1.41,-0.05,1.41,-0.05
301228,实朴检测,1,0,0.17,0.02,0.74,0.06
600889,南京化纤,1,1,0.49,0.49,0.49,0.49
300249,依米康,1,0,0.23,-0.05,0.23,-0.05
300528,幸福蓝海,1,1,0.73,0.73,0.73,0.73
002546,新联电子,1,0,0.44,0.11,0.44,0.11
688659,元琛科技,1,1,0.72,0.72,1.33,1.33
002969,嘉美包装,1,0,0.32,0.11,0.69,0.23
300690,双一科技,1,0,1.00,0.66,1.01,0.66
002075,沙钢股份,1,0,0.31,-0.13,0.31,-0.13
300412,迦南科技,1,-1,0.75,-1.16,0.75,-1.16
300972,万辰生物,1,1,0.31,0.31,0.64,0.64
002833,弘亚数控,1,-1,1.08,-1.25,1.08,-1.25
300755,华致酒行,1,-2,1.68,-1.03,1.68,-1.03
300155,安居宝,1,0,0.43,0.13,0.43,0.13
000400,许继电气,1,0,0.99,0.00,0.99,0.00
002248,华东数控,1,1,0.55,0.55,0.55,0.55
300383,光环新网,1,0,0.51,-0.31,0.51,-0.45
002394,联发股份,1,-1,0.50,-1.15,0.50,-1.15
300239,东宝生物,1,1,1.11,1.11,1.25,1.25
003001,中岩大地,1,0,0.27,-0.31,0.66,-0.75
600755,厦门国贸,1,-1,0.55,-0.33,0.60,-0.36
300869,康泰医学,1,0,0.66,0.25,1.24,0.47
603321,梅轮电梯,1,0,0.62,0.19,0.62,0.19
300275,梅安森,1,-3,4.11,-4.20,4.14,-4.30
600746,江苏索普,1,0,0.12,-0.01,0.33,-0.02
301331,恩威医药,1,1,0.29,0.29,1.15,1.15
002920,德赛西威,1,0,0.41,-0.17,0.41,-0.18
603566,普莱柯,1,0,0.89,0.05,0.97,0.13
000802,北京文化,1,0,15.60,0.00,15.60,0.00
688455,科捷智能,1,1,0.15,0.15,0.71,0.71
605188,国光连锁,1,0,0.12,0.00,0.98,0.00
301208,中亦科技,1,1,0.76,0.76,3.03,3.03
301201,诚达药业,1,0,0.13,0.03,0.56,0.11
600356,恒丰纸业,1,1,0.61,0.61,0.61,0.61
600588,用友网络,1,0,1.16,0.29,1.17,0.24
600360,华微电子,1,0,0.74,0.15,0.74,0.15
603186,华正新材,1,0,0.80,-4.03,0.81,-4.03
000721,西安饮食,1,0,0.21,-0.01,0.28,-0.01
300412,迦南科技,1,-1,0.75,-1.16,0.75,-1.16
300866,安克创新,1,1,1.82,1.82,4.52,4.52
688221,前沿生物,1,1,0.75,0.75,1.49,1.49
603038,华立股份,1,1,0.77,0.77,0.77,0.77
603015,弘讯科技,1,1,0.39,0.39,0.39,0.39
688255,凯尔达,1,1,0.21,0.21,0.95,0.95
003011,海象新材,1,1,0.86,0.86,1.45,1.45
002553,南方精工,1,0,0.27,-0.77,0.27,-0.77
300548,博创科技,1,-1,2.63,-1.55,2.63,-1.56
000590,启迪药业,1,-1,0.65,-0.45,0.65,-0.45
002328,新朋股份,1,0,0.69,0.19,0.69,0.18
688398,赛特新材,1,0,0.84,0.00,1.84,0.00
603121,华培动力,1,0,0.58,0.25,0.59,0.26
000779,甘咨询,1,1,0.33,0.33,0.33,0.33
002408,齐翔腾达,1,0,0.99,0.14,0.99,0.14
605366,宏柏新材,1,0,0.47,0.09,0.97,0.19
603858,步长制药,1,0,1.22,-0.23,1.22,-0.23
000559,万向钱潮,1,0,0.19,-0.04,0.23,-0.05
003816,中国广核,1,-1,0.33,-0.08,0.43,-1.70
001216,华瓷股份,1,0,0.19,0.02,0.78,0.11
002792,通宇通讯,1,0,0.58,-0.56,0.58,-0.56
300398,飞凯材料,1,-1,0.62,-1.73,0.62,-1.74
603306,华懋科技,1,1,0.84,0.84,0.84,0.84
688455,科捷智能,1,1,0.15,0.15,0.71,0.71
300474,景嘉微,1,0,0.75,0.03,0.75,0.03
002920,德赛西威,1,0,0.41,-0.17,0.41,-0.18
601000,唐山港,1,1,0.41,0.41,0.41,0.41
600980,北矿科技,1,-1,0.22,-0.55,0.28,-0.60
300472,新元科技,1,1,1.39,1.39,1.39,1.39
601226,华电重工,1,1,0.24,0.24,0.24,0.24
603077,和邦生物,1,1,0.46,0.46,0.46,0.46
603429,集友股份,1,-1,1.46,-4.68,1.48,-4.76
002749,国光股份,1,1,2.30,2.30,2.32,2.32
605005,合兴股份,1,1,0.12,0.12,0.98,0.98
603579,荣泰健康,1,0,3.93,0.00,3.99,0.00
002163,海南发展,1,0,1.17,-0.09,1.23,-0.09
688737,中自科技,1,-1,0.17,-1.42,0.80,-6.48
000969,安泰科技,1,0,0.35,-0.07,0.35,-0.07
002921,联诚精密,1,0,1.23,0.27,1.24,0.04
600983,惠而浦,1,1,0.18,0.18,0.18,0.18
603505,金石资源,1,-1,1.24,-1.03,1.25,-1.03
300511,雪榕生物,1,-1,2.23,1.70,2.25,1.62
300953,震裕科技,1,1,1.85,1.85,3.78,3.78
300782,卓胜微,1,0,5.01,1.39,5.01,1.39
300126,锐奇股份,1,1,0.51,0.51,0.57,0.57
300602,飞荣达,1,1,0.99,0.99,1.00,1.00
600523,贵航股份,1,0,0.36,0.03,0.36,0.03
002059,云南旅游,1,0,0.37,-0.03,0.52,-0.04
603535,嘉诚国际,1,1,1.81,1.81,1.93,1.93
300052,中青宝,1,0,0.36,0.06,0.36,0.06
000709,河钢股份,1,1,0.19,0.19,0.19,0.19
300355,蒙草生态,1,0,1.60,-0.14,1.60,-0.14
688090,瑞松科技,1,1,2.25,2.25,3.27,3.27
300127,银河磁体,1,0,0.19,-0.02,0.19,-0.02
002639,雪人股份,1,1,0.39,0.39,0.40,0.40
605007,五洲特纸,1,0,0.44,0.16,2.15,0.77
600663,陆家嘴,1,0,0.45,0.00,0.62,0.00
300505,川金诺,1,-1,0.87,-0.37,0.87,-0.37
002902,铭普光磁,1,-2,0.63,-0.14,0.63,-0.14
001283,豪鹏科技,1,1,1.06,1.06,4.25,4.25
000850,华茂股份,1,1,0.37,0.37,0.37,0.37
300345,华民股份,1,1,4.80,4.80,4.85,4.85
603919,金徽酒,1,0,3.49,0.40,3.49,0.40
001317,三羊马,1,1,0.13,0.13,0.53,0.53
300130,新国都,1,-1,0.22,-0.33,0.22,-0.33
600675,中华企业,1,-1,0.70,-0.27,0.70,-0.27
002400,省广集团,1,0,0.95,0.09,0.96,0.10
002065,东华软件,1,0,0.33,0.02,0.33,0.02
600826,兰生股份,1,0,0.63,0.04,0.80,0.05
002564,天沃科技,1,1,0.45,0.45,0.45,0.45
300253,卫宁健康,1,-1,1.36,-6.24,1.36,-6.24
603685,晨丰科技,1,-1,0.75,0.04,0.75,0.04
600719,ST热电,1,0,0.84,-0.59,0.84,-0.59
603327,福蓉科技,1,0,0.32,0.14,0.32,0.14
300445,康斯特,1,0,1.44,0.10,1.44,0.10
300020,银江技术,1,0,0.54,0.01,0.56,0.00
300589,江龙船艇,1,0,0.50,-0.51,0.50,-0.51
300009,安科生物,1,0,1.12,0.12,1.12,0.12
300265,通光线缆,1,0,0.16,-0.02,0.16,-0.02
603351,威尔药业,1,-1,0.79,-0.99,0.81,-1.04
600630,龙头股份,1,1,0.24,0.24,0.24,0.24
601216,君正集团,1,0,0.68,-0.15,0.68,-0.15
002059,云南旅游,1,0,0.37,-0.03,0.52,-0.04
002992,宝明科技,1,0,1.57,0.89,3.69,2.11
300842,帝科股份,1,1,1.27,1.27,1.83,1.83
603060,国检集团,1,-1,0.67,-1.71,0.67,-1.71
003816,中国广核,1,-1,0.33,-0.08,0.43,-1.70
002693,双成药业,1,1,0.30,0.30,0.31,0.31
600633,浙数文化,1,0,0.71,0.07,0.71,0.07
688208,道通科技,1,0,2.05,0.34,3.38,0.56
000155,川能动力,1,1,0.41,0.41,0.47,0.47
600663,陆家嘴,1,0,0.45,0.00,0.62,0.00
603169,兰石重装,1,1,0.35,0.35,0.35,0.35
002829,星网宇达,1,0,1.55,-1.40,1.55,-1.40
300992,泰福泵业,1,0,0.58,0.31,1.14,0.60
300149,睿智医药,1,-1,4.92,0.10,4.92,0.10
000025,特力A,1,-1,0.23,-0.46,0.25,-0.51
300721,怡达股份,1,1,3.16,3.16,3.17,3.17
000996,中国中期,1,0,0.67,-0.21,0.67,-0.21
300674,宇信科技,1,1,0.90,0.90,0.91,0.91
002920,德赛西威,1,0,0.41,-0.17,0.41,-0.18
300055,万邦达,1,0,2.49,0.00,2.49,0.00
301221,光庭信息,1,-3,0.78,-1.11,3.20,-4.56
300353,东土科技,1,1,0.82,0.82,0.82,0.82
000917,电广传媒,1,0,1.19,0.12,1.19,0.12
000425,徐工机械,1,1,0.14,0.14,0.33,0.33
300455,康拓红外,1,1,0.75,0.75,0.95,0.95
000909,数源科技,1,0,0.37,-0.26,0.44,-0.30
002272,川润股份,1,0,0.42,0.00,0.43,0.00
300785,值得买,1,-2,0.46,-0.87,0.47,-3.26
002773,康弘药业,1,0,0.28,-0.06,0.28,-0.06
300344,立方数科,1,1,0.50,0.50,0.65,0.65
601857,中国石油,1,1,0.05,0.05,0.06,0.06
002209,达意隆,1,1,0.84,0.84,0.84,0.84
002312,川发龙蟒,1,-1,0.55,-0.77,0.77,-0.96
600613,神奇制药,1,0,0.31,0.09,0.35,0.11
300331,苏大维格,1,0,4.97,1.37,5.07,1.40
600387,ST海越,1,1,0.49,0.49,0.57,0.57
600737,中粮糖业,1,-1,0.50,-0.25,0.50,-0.25
300364,中文在线,1,0,0.94,0.08,0.95,0.09
002204,大连重工,1,1,0.18,0.18,0.18,0.18
601169,北京银行,1,0,13.03,0.00,13.03,0.00
300978,东箭科技,1,1,0.97,0.97,2.24,2.24
603289,泰瑞机器,1,1,0.25,0.25,0.28,0.28
300084,海默科技,1,0,0.31,-0.33,0.31,-0.33
300039,上海凯宝,1,0,0.26,0.00,0.26,0.00
300468,四方精创,1,0,0.95,0.74,0.95,0.73
000993,闽东电力,1,1,0.13,0.13,0.14,0.14
301011,华立科技,1,1,1.63,1.63,3.06,3.06
300010,豆神教育,1,0,0.37,-0.13,0.37,-0.13
603357,设计总院,1,-5,0.43,-2.61,0.44,-2.69
000758,中色股份,1,-1,0.35,-0.49,0.35,-0.49
600897,厦门空港,1,0,0.67,0.00,0.67,0.00
300249,依米康,1,0,0.23,-0.05,0.23,-0.05
603219,富佳股份,1,0,0.22,-0.02,2.12,-0.22
002921,联诚精密,1,0,1.23,0.27,1.24,0.04
600996,贵广网络,1,1,0.24,0.24,0.24,0.24
300346,南大光电,1,-1,0.76,-0.16,0.77,-0.15
300624,万兴科技,1,0,0.61,0.00,0.61,0.00
688786,悦安新材,1,-5,1.32,-3.61,2.15,-20.90
605058,澳弘电子,1,0,0.37,0.10,1.23,0.35
600796,钱江生化,1,0,0.27,0.10,0.77,0.29
002976,瑞玛精密,1,-1,0.23,-0.44,0.79,-1.49
688256,寒武纪,1,0,1.29,0.19,2.14,0.31
600223,鲁商发展,1,-1,0.61,-0.63,0.61,-0.63
600984,建设机械,1,1,1.11,1.11,1.20,1.20
000301,东方盛虹,1,0,0.28,-0.09,0.35,-0.10
601916,浙商银行,1,0,3.78,0.00,11.46,0.00
000590,启迪药业,1,-1,0.65,-0.45,0.65,-0.45
301208,中亦科技,1,1,0.76,0.76,3.03,3.03
688561,奇安信,1,0,1.40,0.22,2.08,0.33
600928,西安银行,1,0,18.11,0.00,26.60,0.00
603810,丰山集团,1,1,0.71,0.71,0.71,0.71
603043,广州酒家,1,1,0.39,0.39,0.39,0.39
600640,国脉文化,1,0,0.47,0.04,0.47,0.04
600190,锦州港,1,0,0.67,0.00,0.76,0.00
300001,特锐德,1,0,1.35,0.10,1.35,0.10
605339,南侨食品,1,1,0.18,0.18,1.15,1.15
605259,绿田机械,1,1,1.16,1.16,2.66,2.66
600493,凤竹纺织,1,0,0.85,0.27,0.85,0.27
600824,益民集团,1,1,0.25,0.25,0.25,0.25
600104,上汽集团,1,1,0.37,0.37,0.37,0.37
300147,香雪制药,1,0,0.30,0.01,0.30,0.01
601158,重庆水务,1,0,0.81,-0.18,0.81,-0.18
301285,鸿日达,1,1,0.16,0.16,0.66,0.66
300787,海能实业,1,-4,0.33,-1.81,0.33,-5.11
300950,德固特,1,1,0.35,0.35,0.86,0.86
600860,京城股份,1,1,1.07,1.07,1.80,1.80
001202,炬申股份,1,0,0.19,0.06,0.60,0.18
600623,华谊集团,1,-1,0.40,-0.07,0.46,-0.08
000548,湖南投资,1,1,0.96,0.96,0.96,0.96
600077,宋都股份,1,0,0.31,-0.22,0.31,-0.22
002437,誉衡药业,1,1,0.21,0.21,0.21,0.21
300168,万达信息,1,0,1.30,0.09,1.30,0.09
600236,桂冠电力,1,0,0.14,0.01,0.14,0.01
002750,龙津药业,1,-1,0.18,-0.23,0.18,-0.23
300866,安克创新,1,1,1.82,1.82,4.52,4.52
600326,西藏天路,1,0,0.33,-0.01,0.33,-0.01
600917,重庆燃气,1,-1,0.12,-0.10,0.13,-0.09
002564,天沃科技,1,1,0.45,0.45,0.45,0.45
601116,三江购物,1,1,0.27,0.27,0.27,0.27
002613,北玻股份,1,-1,0.21,-0.52,0.21,-0.52
688689,银河微电,1,-1,0.39,-0.23,1.42,-0.84
002999,天禾股份,1,1,0.45,0.45,0.69,0.69
601156,东航物流,1,-2,0.15,-0.41,0.29,-0.81
603196,日播时尚,1,1,0.76,0.76,0.77,0.77
600678,四川金顶,1,0,0.67,0.28,0.67,0.28
002231,奥维通信,1,1,0.79,0.79,0.79,0.79
688360,德马科技,1,-2,1.13,-1.62,2.30,-3.28
002110,三钢闽光,1,0,0.38,-0.03,0.38,-0.03
002515,金字火腿,1,1,0.45,0.45,0.45,0.45
600377,宁沪高速,1,0,0.56,-0.12,0.74,-0.16
600331,宏达股份,1,1,0.16,0.16,0.16,0.16
600501,航天晨光,1,0,1.46,0.62,1.50,0.64
688117,圣诺生物,1,1,0.85,0.85,1.43,1.43
601990,南京证券,1,1,1.33,1.33,1.36,1.36
688165,埃夫特,1,1,0.14,0.14,0.23,0.23
600177,雅戈尔,1,0,0.87,-0.19,0.88,-0.20
002205,国统股份,1,-1,0.26,-0.28,0.26,-0.28
300249,依米康,1,0,0.23,-0.05,0.23,-0.05
600720,祁连山,1,0,1.21,0.77,1.21,0.77
002475,立讯精密,1,0,0.68,-0.05,0.68,-0.05
601688,华泰证券,1,0,1.44,0.10,1.79,0.13
300690,双一科技,1,0,1.00,0.66,1.01,0.66
002285,世联行,1,0,0.38,-0.25,0.38,-0.25
601330,绿色动力,1,0,0.10,0.00,0.14,-0.01
603666,亿嘉和,1,-1,1.44,-3.93,1.45,-3.98
300044,赛为智能,1,1,0.30,0.30,0.31,0.31
603966,法兰泰克,1,0,0.98,0.18,0.98,0.18
003001,中岩大地,1,0,0.27,-0.31,0.66,-0.75
300898,熊猫乳品,1,0,0.48,-0.01,1.04,0.00
002816,和科达,1,1,0.77,0.77,0.77,0.77
301331,恩威医药,1,1,0.29,0.29,1.15,1.15
688510,航亚科技,1,0,2.37,0.00,3.83,0.00
603327,福蓉科技,1,0,0.32,0.14,0.32,0.14
301033,迈普医学,1,-4,1.58,-1.95,2.58,-13.11
603379,三美股份,1,1,0.59,0.59,0.59,0.59
300521,爱司凯,1,1,0.52,0.52,0.52,0.52
301159,三维天地,1,0,0.13,0.01,0.53,0.06
600588,用友网络,1,0,1.16,0.29,1.17,0.24
002889,东方嘉盛,1,0,0.74,0.24,0.74,0.24
002381,双箭股份,1,0,0.50,0.04,0.50,0.04
002213,大为股份,1,-1,2.83,-1.38,2.83,-1.38
001209,洪兴股份,1,-1,0.15,-0.15,0.52,-0.70
600466,蓝光发展,1,0,0.38,-0.24,0.38,-0.24
301183,东田微,1,1,0.11,0.11,0.45,0.45
002641,公元股份,1,0,0.86,0.00,0.86,0.00
002104,恒宝股份,1,1,0.26,0.26,0.26,0.26
000837,秦川机床,1,1,0.30,0.30,0.38,0.38
601229,上海银行,1,0,3.00,0.00,3.09,0.00
603377,东方时尚,1,0,1.17,-0.09,1.17,-0.09
603839,安正时尚,1,0,0.48,0.22,0.48,0.22
300265,通光线缆,1,0,0.16,-0.02,0.16,-0.02
600871,石化油服,1,0,0.10,0.01,0.14,0.01
605398,新炬网络,1,0,0.12,-0.01,0.36,-0.03
002186,全聚德,1,0,0.44,0.07,0.44,0.07
000667,美好置业,1,0,0.63,-0.42,0.63,-0.42
300499,高澜股份,1,0,0.90,-0.09,0.90,-0.09
600273,嘉化能源,1,0,0.87,0.01,0.87,0.01
300246,宝莱特,1,1,1.54,1.54,1.54,1.54
600667,太极实业,1,0,1.15,-0.10,1.15,-0.10
002315,焦点科技,1,0,1.87,-0.50,1.87,-0.50
002326,永太科技,1,0,0.32,0.01,0.32,0.01
002244,滨江集团,1,0,0.92,-0.47,0.92,-0.47
600487,亨通光电,1,0,0.54,-0.15,0.54,-0.15
688600,皖仪科技,1,1,1.11,1.11,2.16,2.16
000671,阳光城,1,0,0.38,-0.25,0.38,-0.25
688148,芳源股份,1,-6,1.22,-1.80,1.63,-18.45
601177,杭齿前进,1,1,0.51,0.51,0.51,0.51
603177,德创环保,1,-1,1.12,-0.38,1.15,-0.40
600769,祥龙电业,1,0,1.41,-0.05,1.41,-0.05
601336,新华保险,1,0,0.40,0.00,0.60,0.01
300566,激智科技,1,-1,2.40,-0.97,2.40,-0.97
300818,耐普矿机,1,0,0.38,-0.24,0.82,-0.51
002506,协鑫集成,1,0,0.67,-0.06,0.67,-0.06
002035,华帝股份,1,-1,0.57,-1.54,0.57,-1.54
605399,晨光新材,1,-1,0.41,-0.18,1.16,-0.53
601211,国泰君安,1,0,1.10,0.05,1.32,0.07
300235,方直科技,1,1,0.32,0.32,0.32,0.32
301228,实朴检测,1,0,0.17,0.02,0.74,0.06
601390,中国中铁,1,0,0.66,-0.04,0.80,-0.06
002741,光华科技,1,0,1.02,-0.05,1.02,-0.05
600918,中泰证券,1,0,0.85,0.04,2.28,0.11
600626,申达股份,1,0,0.26,0.02,0.34,0.03
603858,步长制药,1,0,1.22,-0.23,1.22,-0.23
000006,深振业A,1,0,0.44,-0.28,0.44,-0.28
301009,可靠股份,1,0,0.74,0.00,2.01,-0.03
000720,新能泰山,1,0,0.38,-0.24,0.38,-0.24
000837,秦川机床,1,1,0.30,0.30,0.38,0.38
688353,华盛锂电,1,1,0.17,0.17,0.74,0.74
300055,万邦达,1,0,2.49,0.00,2.49,0.00
600369,西南证券,1,0,1.06,0.01,1.25,0.02
000615,奥园美谷,1,0,0.44,-0.29,0.44,-0.29
003816,中国广核,1,-1,0.33,-0.08,0.43,-1.70
002679,福建金森,1,1,0.17,0.17,0.17,0.17
002400,省广集团,1,0,0.95,0.09,0.96,0.10
300124,汇川技术,1,0,0.85,0.15,0.85,0.15
002285,世联行,1,0,0.38,-0.25,0.38,-0.25
000908,景峰医药,1,1,0.26,0.26,0.26,0.26
600163,中闽能源,1,0,0.46,-0.76,0.76,-1.25
603189,网达软件,1,0,0.72,-0.68,0.72,-0.68
000957,中通客车,1,1,0.31,0.31,0.31,0.31
300657,弘信电子,1,0,1.61,-0.41,1.77,-0.31
600119,长江投资,1,1,0.39,0.39,0.46,0.46
300001,特锐德,1,0,1.35,0.10,1.35,0.10
300824,北鼎股份,1,0,0.49,0.00,1.04,0.00
301033,迈普医学,1,-4,1.58,-1.95,2.58,-13.11
002775,文科园林,1,1,0.64,0.64,0.64,0.64
300866,安克创新,1,1,1.82,1.82,4.52,4.52
688448,磁谷科技,1,1,0.20,0.20,0.88,0.88
300058,蓝色光标,1,0,1.19,0.12,1.19,0.12
600639,浦东金桥,1,0,0.77,0.20,1.01,0.26
300819,聚杰微纤,1,1,0.15,0.15,0.52,0.52
600127,金健米业,1,0,0.18,0.07,0.18,0.07
002044,美年健康,1,0,2.01,-0.05,2.01,-0.05
001231,农心科技,1,1,0.12,0.12,0.48,0.48
300005,探路者,1,0,0.80,0.00,0.80,0.00
688247,宣泰医药,1,1,0.14,0.14,1.52,1.52
002660,茂硕电源,1,1,0.35,0.35,0.46,0.46
688123,聚辰股份,1,0,1.37,0.25,1.97,0.36
603878,武进不锈,1,0,1.70,0.55,1.70,0.55
002990,盛视科技,1,0,0.42,0.00,1.68,-0.04
688101,三达膜,1,-1,0.17,-0.26,0.31,-0.48
688395,正弦电气,1,1,0.66,0.66,1.49,1.49
002469,三维化学,1,1,1.29,1.29,1.29,1.29
002286,保龄宝,1,1,0.62,0.62,0.63,0.63
600706,曲江文旅,1,0,0.37,0.09,0.37,0.08
000656,金科股份,1,1,3.00,3.00,3.00,3.00
300346,南大光电,1,-1,0.76,-0.16,0.77,-0.15
000913,钱江摩托,1,-1,0.98,-1.86,1.01,-1.83
002338,奥普光电,1,0,0.81,-0.03,0.81,-0.03
002079,苏州固锝,1,0,0.79,0.19,0.81,0.20
000620,新华联,1,0,0.26,-0.14,0.26,-0.14
002576,通达动力,1,0,0.83,0.00,0.83,0.00
603169,兰石重装,1,1,0.35,0.35,0.35,0.35
600208,新湖中宝,1,0,0.31,-0.21,0.31,-0.21
300253,卫宁健康,1,-1,1.36,-6.24,1.36,-6.24
603057,紫燕食品,1,1,0.19,0.19,1.85,1.85
300898,熊猫乳品,1,0,0.48,-0.01,1.04,0.00
300922,天秦装备,1,0,0.51,-0.04,0.77,-0.07
000541,佛山照明,1,1,1.75,1.75,2.26,2.26
603633,徕木股份,1,1,2.52,2.52,3.14,3.14
603068,博通集成,1,1,0.69,0.69,0.70,0.70
605020,永和股份,1,-2,0.64,-0.32,1.40,-2.47
601179,中国西电,1,1,0.49,0.49,0.49,0.49
603015,弘讯科技,1,1,0.39,0.39,0.39,0.39
688580,伟思医疗,1,1,0.86,0.86,2.37,2.37
688001,华兴源创,1,0,0.14,0.00,0.15,-1.10
600435,北方导航,1,0,0.29,0.02,0.29,0.02
605268,王力安防,1,0,0.59,-0.32,3.53,-1.83
688330,宏力达,1,-2,0.65,-1.60,1.15,-2.82
300505,川金诺,1,-1,0.87,-0.37,0.87,-0.37
000672,上峰水泥,1,-2,1.03,-1.21,1.03,-1.21
300972,万辰生物,1,1,0.31,0.31,0.64,0.64
301065,本立科技,1,0,0.49,0.00,1.11,-0.83
603551,奥普家居,1,1,0.40,0.40,1.20,1.20
603516,淳中科技,1,1,1.37,1.37,1.38,1.38
002791,坚朗五金,2,-1,2.37,-0.48,2.37,-0.48
603105,芯能科技,2,2,2.43,2.43,2.43,2.43
300033,同花顺,2,0,2.08,-0.06,2.23,-0.07
603298,杭叉集团,2,0,3.18,-0.65,3.18,-0.65
002645,华宏科技,2,1,1.99,1.12,2.15,1.21
603713,密尔克卫,2,0,3.15,0.07,3.18,0.08
002943,宇晶股份,2,1,2.73,1.80,2.73,1.80
000514,渝开发,2,0,0.37,-0.20,0.37,-0.20
300036,超图软件,2,0,1.82,0.00,1.82,0.00
000062,深圳华强,2,0,1.98,0.00,1.98,0.00
002148,北纬科技,2,2,0.67,0.67,0.67,0.67
300702,天宇股份,2,-2,1.47,-2.61,1.47,-2.61
300629,新劲刚,2,1,1.49,0.94,1.61,1.01
301120,新特电气,2,2,0.18,0.18,0.84,0.84
601028,玉龙股份,2,1,1.74,0.97,1.74,0.97
001230,劲旅环境,2,2,0.26,0.26,1.04,1.04
600302,标准股份,2,1,1.28,0.66,1.28,0.66
300148,天舟文化,2,2,0.61,0.61,0.61,0.61
603182,嘉华股份,2,2,0.38,0.38,1.50,1.50
603696,安记食品,2,-1,0.89,-0.16,0.89,-0.16
000619,海螺新材,2,2,1.71,1.71,1.71,1.71
688189,南新制药,2,1,1.44,0.88,2.02,1.24
000514,渝开发,2,0,0.37,-0.20,0.37,-0.20
300036,超图软件,2,0,1.82,0.00,1.82,0.00
600859,王府井,2,1,1.93,1.09,2.00,1.12
002148,北纬科技,2,2,0.67,0.67,0.67,0.67
300702,天宇股份,2,-2,1.47,-2.61,1.47,-2.61
300629,新劲刚,2,1,1.49,0.94,1.61,1.01
301120,新特电气,2,2,0.18,0.18,0.84,0.84
601028,玉龙股份,2,1,1.74,0.97,1.74,0.97
002646,天佑德酒,2,1,4.41,0.78,4.41,0.78
300456,赛微电子,2,0,1.28,0.26,1.29,0.27
000686,东北证券,2,0,2.28,0.18,2.28,0.18
688176,亚虹医药,2,0,0.74,-0.03,3.98,-0.39
300139,晓程科技,2,2,0.60,0.60,0.60,0.60
300813,泰林生物,2,-2,1.49,-0.49,4.44,-1.47
603160,汇顶科技,2,0,1.75,-0.10,1.75,-0.10
603682,锦和商管,2,2,0.69,0.69,1.80,1.80
300215,电科院,2,0,0.73,-0.50,0.73,-0.50
300912,凯龙高科,2,0,4.49,0.00,8.16,0.00
000712,锦龙股份,2,0,1.97,0.28,1.97,0.28
600864,哈投股份,2,0,1.94,0.37,1.94,0.37
600386,北巴传媒,2,1,0.79,0.35,0.79,0.35
300835,龙磁科技,2,2,1.53,1.53,2.68,2.68
300080,易成新能,2,0,0.68,-0.09,1.24,-0.17
688658,悦康药业,2,2,1.44,1.44,3.20,3.20
002361,神剑股份,2,0,1.15,-1.46,1.15,-1.46
002753,永东股份,2,2,2.11,2.11,2.11,2.11
000922,佳电股份,2,0,1.87,0.01,1.91,0.01
300400,劲拓股份,2,-1,4.29,-1.28,4.29,-1.28
002718,友邦吊顶,2,2,0.80,0.80,0.80,0.80
300821,东岳硅材,2,1,0.21,0.08,0.61,0.22
300143,盈康生命,2,0,2.58,-0.27,3.03,-0.32
300473,德尔股份,2,1,1.60,0.98,1.79,1.17
603108,润达医疗,2,0,5.22,-0.18,5.22,-0.18
688382,益方生物,2,2,0.42,0.42,2.40,2.40
300609,汇纳科技,2,2,1.22,1.22,1.22,1.22
301111,粤万年青,2,-1,0.21,-0.10,0.90,-0.41
603303,得邦照明,2,0,3.04,0.12,3.04,0.12
300132,青松股份,2,1,2.27,1.25,2.35,1.29
688026,洁特生物,2,0,3.64,-0.10,6.83,-0.17
002952,亚世光电,2,2,0.64,0.64,0.64,0.64
300179,四方达,2,-1,1.78,-2.08,1.78,-2.08
300456,赛微电子,2,0,1.28,0.26,1.29,0.27
601139,深圳燃气,2,0,1.38,0.33,1.38,0.33
600791,京能置业,2,2,1.00,1.00,1.00,1.00
300139,晓程科技,2,2,0.60,0.60,0.60,0.60
300813,泰林生物,2,-2,1.49,-0.49,4.44,-1.47
002543,万和电气,2,2,1.36,1.36,1.36,1.36
603160,汇顶科技,2,0,1.75,-0.10,1.75,-0.10
000619,海螺新材,2,2,1.71,1.71,1.71,1.71
300215,电科院,2,0,0.73,-0.50,0.73,-0.50
300912,凯龙高科,2,0,4.49,0.00,8.16,0.00
000712,锦龙股份,2,0,1.97,0.28,1.97,0.28
600864,哈投股份,2,0,1.94,0.37,1.94,0.37
000333,美的集团,2,0,1.42,-0.02,1.43,-0.02
301038,深水规院,2,0,1.08,0.90,4.34,3.56
300835,龙磁科技,2,2,1.53,1.53,2.68,2.68
300080,易成新能,2,0,0.68,-0.09,1.24,-0.17
002361,神剑股份,2,0,1.15,-1.46,1.15,-1.46
002753,永东股份,2,2,2.11,2.11,2.11,2.11
000922,佳电股份,2,0,1.87,0.01,1.91,0.01
300400,劲拓股份,2,-1,4.29,-1.28,4.29,-1.28
002718,友邦吊顶,2,2,0.80,0.80,0.80,0.80
300821,东岳硅材,2,1,0.21,0.08,0.61,0.22
002800,天顺股份,2,2,0.94,0.94,0.98,0.98
300143,盈康生命,2,0,2.58,-0.27,3.03,-0.32
300473,德尔股份,2,1,1.60,0.98,1.79,1.17
603108,润达医疗,2,0,5.22,-0.18,5.22,-0.18
688382,益方生物,2,2,0.42,0.42,2.40,2.40
001289,龙源电力,2,1,0.05,0.03,3.00,1.67
601598,中国外运,2,1,0.26,0.16,0.36,-0.16
688660,电气风电,2,0,1.17,-0.18,2.94,-0.46
300724,捷佳伟创,2,2,1.81,1.81,1.82,1.82
688676,金盘科技,2,2,1.42,1.42,3.18,3.18
002912,中新赛克,2,0,3.51,0.00,4.82,0.00
300456,赛微电子,2,0,1.28,0.26,1.29,0.27
002901,大博医疗,2,-1,0.56,0.02,0.57,0.01
000573,粤宏远A,2,1,1.57,1.13,1.58,1.14
000726,鲁泰A,2,0,1.84,0.02,2.86,0.03
002709,天赐材料,2,0,2.03,-0.33,2.04,-0.33
002236,大华股份,2,0,0.93,-0.95,0.96,-0.94
300139,晓程科技,2,2,0.60,0.60,0.60,0.60
300813,泰林生物,2,-2,1.49,-0.49,4.44,-1.47
603160,汇顶科技,2,0,1.75,-0.10,1.75,-0.10
601607,上海医药,2,0,0.83,0.15,1.60,0.30
300215,电科院,2,0,0.73,-0.50,0.73,-0.50
300912,凯龙高科,2,0,4.49,0.00,8.16,0.00
000712,锦龙股份,2,0,1.97,0.28,1.97,0.28
600864,哈投股份,2,0,1.94,0.37,1.94,0.37
000938,紫光股份,2,0,2.33,0.20,2.33,0.20
600376,首开股份,2,0,3.63,-0.49,3.63,-0.49
300709,精研科技,2,-2,3.25,-2.84,3.25,-2.86
300835,龙磁科技,2,2,1.53,1.53,2.68,2.68
300080,易成新能,2,0,0.68,-0.09,1.24,-0.17
601118,海南橡胶,2,1,0.73,0.34,0.73,0.34
002361,神剑股份,2,0,1.15,-1.46,1.15,-1.46
002753,永东股份,2,2,2.11,2.11,2.11,2.11
000922,佳电股份,2,0,1.87,0.01,1.91,0.01
300400,劲拓股份,2,-1,4.29,-1.28,4.29,-1.28
002718,友邦吊顶,2,2,0.80,0.80,0.80,0.80
300821,东岳硅材,2,1,0.21,0.08,0.61,0.22
300143,盈康生命,2,0,2.58,-0.27,3.03,-0.32
300473,德尔股份,2,1,1.60,0.98,1.79,1.17
603108,润达医疗,2,0,5.22,-0.18,5.22,-0.18
688382,益方生物,2,2,0.42,0.42,2.40,2.40
300043,星辉娱乐,2,2,0.51,0.51,0.51,0.51
002695,煌上煌,2,0,1.38,-0.97,1.38,-0.97
601598,中国外运,2,1,0.26,0.16,0.36,-0.16
688660,电气风电,2,0,1.17,-0.18,2.94,-0.46
300724,捷佳伟创,2,2,1.81,1.81,1.82,1.82
688676,金盘科技,2,2,1.42,1.42,3.18,3.18
002912,中新赛克,2,0,3.51,0.00,4.82,0.00
601838,成都银行,2,1,1.78,0.84,1.79,0.85
600803,新奥股份,2,-1,1.96,-0.37,4.15,-0.49
002013,中航机电,2,0,2.89,-0.14,2.89,-0.14
601699,潞安环能,2,0,1.15,0.26,1.15,0.26
002952,亚世光电,2,2,0.64,0.64,0.64,0.64
300179,四方达,2,-1,1.78,-2.08,1.78,-2.08
300456,赛微电子,2,0,1.28,0.26,1.29,0.27
601008,连云港,2,1,0.42,0.28,0.52,0.35
603127,昭衍新药,2,0,6.29,0.00,7.49,0.00
605016,百龙创园,2,-1,2.02,-1.36,4.03,-2.70
000099,中信海直,2,1,2.90,0.60,3.17,0.66
003037,三和管桩,2,0,0.21,0.00,1.16,0.00
300139,晓程科技,2,2,0.60,0.60,0.60,0.60
300813,泰林生物,2,-2,1.49,-0.49,4.44,-1.47
603160,汇顶科技,2,0,1.75,-0.10,1.75,-0.10
601969,海南矿业,2,0,0.31,0.05,0.31,0.05
688282,理工导航,2,1,0.59,0.14,2.46,0.49
300215,电科院,2,0,0.73,-0.50,0.73,-0.50
300912,凯龙高科,2,0,4.49,0.00,8.16,0.00
000712,锦龙股份,2,0,1.97,0.28,1.97,0.28
600864,哈投股份,2,0,1.94,0.37,1.94,0.37
002562,兄弟科技,2,1,1.26,0.57,1.26,0.57
002212,天融信,2,0,2.89,-2.03,2.92,-2.04
688329,艾隆科技,2,2,2.68,2.68,4.56,4.56
300835,龙磁科技,2,2,1.53,1.53,2.68,2.68
300080,易成新能,2,0,0.68,-0.09,1.24,-0.17
002361,神剑股份,2,0,1.15,-1.46,1.15,-1.46
002753,永东股份,2,2,2.11,2.11,2.11,2.11
000922,佳电股份,2,0,1.87,0.01,1.91,0.01
300400,劲拓股份,2,-1,4.29,-1.28,4.29,-1.28
600543,莫高股份,2,1,1.45,0.90,1.45,0.90
002718,友邦吊顶,2,2,0.80,0.80,0.80,0.80
300821,东岳硅材,2,1,0.21,0.08,0.61,0.22
300143,盈康生命,2,0,2.58,-0.27,3.03,-0.32
300473,德尔股份,2,1,1.60,0.98,1.79,1.17
603108,润达医疗,2,0,5.22,-0.18,5.22,-0.18
688382,益方生物,2,2,0.42,0.42,2.40,2.40
601598,中国外运,2,1,0.26,0.16,0.36,-0.16
600503,华丽家族,2,0,1.89,-0.42,1.89,-0.42
688660,电气风电,2,0,1.17,-0.18,2.94,-0.46
300724,捷佳伟创,2,2,1.81,1.81,1.82,1.82
688676,金盘科技,2,2,1.42,1.42,3.18,3.18
002912,中新赛克,2,0,3.51,0.00,4.82,0.00
301111,粤万年青,2,-1,0.21,-0.10,0.90,-0.41
603303,得邦照明,2,0,3.04,0.12,3.04,0.12
002952,亚世光电,2,2,0.64,0.64,0.64,0.64
300179,四方达,2,-1,1.78,-2.08,1.78,-2.08
300456,赛微电子,2,0,1.28,0.26,1.29,0.27
600820,隧道股份,2,0,2.22,-0.08,2.22,-0.08
300139,晓程科技,2,2,0.60,0.60,0.60,0.60
300813,泰林生物,2,-2,1.49,-0.49,4.44,-1.47
603160,汇顶科技,2,0,1.75,-0.10,1.75,-0.10
300215,电科院,2,0,0.73,-0.50,0.73,-0.50
300912,凯龙高科,2,0,4.49,0.00,8.16,0.00
003002,壶化股份,2,1,1.41,0.88,3.30,2.06
000712,锦龙股份,2,0,1.97,0.28,1.97,0.28
600864,哈投股份,2,0,1.94,0.37,1.94,0.37
000623,吉林敖东,2,0,0.70,0.02,0.70,0.02
300835,龙磁科技,2,2,1.53,1.53,2.68,2.68
300080,易成新能,2,0,0.68,-0.09,1.24,-0.17
603313,梦百合,2,0,3.38,0.14,3.38,0.14
002361,神剑股份,2,0,1.15,-1.46,1.15,-1.46
002753,永东股份,2,2,2.11,2.11,2.11,2.11
000922,佳电股份,2,0,1.87,0.01,1.91,0.01
300400,劲拓股份,2,-1,4.29,-1.28,4.29,-1.28
000888,峨眉山A,2,1,1.07,0.59,1.07,0.59
002718,友邦吊顶,2,2,0.80,0.80,0.80,0.80
300821,东岳硅材,2,1,0.21,0.08,0.61,0.22
300143,盈康生命,2,0,2.58,-0.27,3.03,-0.32
300473,德尔股份,2,1,1.60,0.98,1.79,1.17
603108,润达医疗,2,0,5.22,-0.18,5.22,-0.18
688382,益方生物,2,2,0.42,0.42,2.40,2.40
601225,陕西煤业,2,-1,0.81,-0.33,0.81,-0.33
601598,中国外运,2,1,0.26,0.16,0.36,-0.16
688630,芯碁微装,2,1,4.19,1.97,7.54,3.54
688660,电气风电,2,0,1.17,-0.18,2.94,-0.46
300724,捷佳伟创,2,2,1.81,1.81,1.82,1.82
600152,维科技术,2,1,1.32,0.59,1.42,0.64
688676,金盘科技,2,2,1.42,1.42,3.18,3.18
002912,中新赛克,2,0,3.51,0.00,4.82,0.00
300049,福瑞股份,2,0,2.83,0.94,2.90,0.96
000538,云南白药,2,0,0.93,-0.10,1.93,-0.22
603315,福鞍股份,2,-2,0.92,-0.74,0.92,-1.40
000553,安道麦A,2,-1,0.84,-0.23,0.90,-0.24
300476,胜宏科技,2,-1,2.19,-2.90,2.19,-2.93
603915,国茂股份,2,0,2.14,0.12,2.17,0.11
300408,三环集团,2,-1,2.19,-0.93,2.19,-0.93
600547,山东黄金,2,0,1.26,0.21,1.56,0.27
300609,汇纳科技,2,2,1.22,1.22,1.22,1.22
301111,粤万年青,2,-1,0.21,-0.10,0.90,-0.41
603303,得邦照明,2,0,3.04,0.12,3.04,0.12
600165,新日恒力,2,0,2.63,0.11,2.63,0.11
002425,凯撒文化,2,0,1.16,0.01,1.16,0.01
002952,亚世光电,2,2,0.64,0.64,0.64,0.64
300179,四方达,2,-1,1.78,-2.08,1.78,-2.08
300456,赛微电子,2,0,1.28,0.26,1.29,0.27
300139,晓程科技,2,2,0.60,0.60,0.60,0.60
300813,泰林生物,2,-2,1.49,-0.49,4.44,-1.47
603160,汇顶科技,2,0,1.75,-0.10,1.75,-0.10
603009,北特科技,2,2,2.20,2.20,2.33,2.33
300215,电科院,2,0,0.73,-0.50,0.73,-0.50
300912,凯龙高科,2,0,4.49,0.00,8.16,0.00
300171,东富龙,2,-1,1.37,-0.93,1.37,-0.93
000712,锦龙股份,2,0,1.97,0.28,1.97,0.28
600864,哈投股份,2,0,1.94,0.37,1.94,0.37
300835,龙磁科技,2,2,1.53,1.53,2.68,2.68
300080,易成新能,2,0,0.68,-0.09,1.24,-0.17
002361,神剑股份,2,0,1.15,-1.46,1.15,-1.46
002753,永东股份,2,2,2.11,2.11,2.11,2.11
000922,佳电股份,2,0,1.87,0.01,1.91,0.01
300400,劲拓股份,2,-1,4.29,-1.28,4.29,-1.28
002718,友邦吊顶,2,2,0.80,0.80,0.80,0.80
300821,东岳硅材,2,1,0.21,0.08,0.61,0.22
300143,盈康生命,2,0,2.58,-0.27,3.03,-0.32
300473,德尔股份,2,1,1.60,0.98,1.79,1.17
603108,润达医疗,2,0,5.22,-0.18,5.22,-0.18
688382,益方生物,2,2,0.42,0.42,2.40,2.40
601598,中国外运,2,1,0.26,0.16,0.36,-0.16
688660,电气风电,2,0,1.17,-0.18,2.94,-0.46
300724,捷佳伟创,2,2,1.81,1.81,1.82,1.82
688676,金盘科技,2,2,1.42,1.42,3.18,3.18
002912,中新赛克,2,0,3.51,0.00,4.82,0.00
601198,东兴证券,2,0,1.88,0.13,1.88,0.13
000875,吉电股份,2,-1,1.03,-0.83,1.18,-0.94
300139,晓程科技,2,2,0.60,0.60,0.60,0.60
300813,泰林生物,2,-2,1.49,-0.49,4.44,-1.47
603160,汇顶科技,2,0,1.75,-0.10,1.75,-0.10
300215,电科院,2,0,0.73,-0.50,0.73,-0.50
300912,凯龙高科,2,0,4.49,0.00,8.16,0.00
002947,恒铭达,2,0,3.15,-2.61,3.15,-2.61
300335,迪森股份,2,2,0.92,0.92,0.92,0.92
000712,锦龙股份,2,0,1.97,0.28,1.97,0.28
600864,哈投股份,2,0,1.94,0.37,1.94,0.37
300835,龙磁科技,2,2,1.53,1.53,2.68,2.68
300080,易成新能,2,0,0.68,-0.09,1.24,-0.17
601888,中国中免,2,0,1.38,-0.07,1.47,0.02
002361,神剑股份,2,0,1.15,-1.46,1.15,-1.46
002753,永东股份,2,2,2.11,2.11,2.11,2.11
000922,佳电股份,2,0,1.87,0.01,1.91,0.01
300400,劲拓股份,2,-1,4.29,-1.28,4.29,-1.28
002718,友邦吊顶,2,2,0.80,0.80,0.80,0.80
300821,东岳硅材,2,1,0.21,0.08,0.61,0.22
300143,盈康生命,2,0,2.58,-0.27,3.03,-0.32
300473,德尔股份,2,1,1.60,0.98,1.79,1.17
603108,润达医疗,2,0,5.22,-0.18,5.22,-0.18
688382,益方生物,2,2,0.42,0.42,2.40,2.40
002943,宇晶股份,2,1,2.73,1.80,2.73,1.80
601598,中国外运,2,1,0.26,0.16,0.36,-0.16
601788,光大证券,2,0,1.50,0.27,1.77,0.32
688660,电气风电,2,0,1.17,-0.18,2.94,-0.46
300724,捷佳伟创,2,2,1.81,1.81,1.82,1.82
688676,金盘科技,2,2,1.42,1.42,3.18,3.18
002912,中新赛克,2,0,3.51,0.00,4.82,0.00
002709,天赐材料,2,0,2.03,-0.33,2.04,-0.33
600008,首创环保,2,-1,0.46,-0.23,0.46,-0.23
601998,中信银行,2,0,0.27,0.03,0.39,0.04
000831,中国稀土,2,-2,0.51,-0.76,0.51,-0.76
000573,粤宏远A,2,1,1.57,1.13,1.58,1.14
600373,中文传媒,2,0,0.97,0.03,0.97,0.03
002142,宁波银行,2,0,18.87,0.00,19.09,0.00
600056,中国医药,2,1,0.35,0.12,0.35,0.12
605158,华达新材,2,2,0.37,0.37,1.32,1.32
600736,苏州高新,2,0,1.53,-0.26,1.53,-0.26
300724,捷佳伟创,2,2,1.81,1.81,1.82,1.82
688676,金盘科技,2,2,1.42,1.42,3.18,3.18
002912,中新赛克,2,0,3.51,0.00,4.82,0.00
603069,海汽集团,2,2,0.70,0.70,0.70,0.70
002646,天佑德酒,2,1,4.41,0.78,4.41,0.78
000831,中国稀土,2,-2,0.51,-0.76,0.51,-0.76
600152,维科技术,2,1,1.32,0.59,1.42,0.64
600376,首开股份,2,0,3.63,-0.49,3.63,-0.49
601118,海南橡胶,2,1,0.73,0.34,0.73,0.34
603657,春光科技,2,1,1.89,0.61,1.93,0.62
002562,兄弟科技,2,1,1.26,0.57,1.26,0.57
601699,潞安环能,2,0,1.15,0.26,1.15,0.26
001230,劲旅环境,2,2,0.26,0.26,1.04,1.04
002791,坚朗五金,2,-1,2.37,-0.48,2.37,-0.48
000422,湖北宜化,2,0,1.43,-0.75,1.43,-0.75
002901,大博医疗,2,-1,0.56,0.02,0.57,0.01
300043,星辉娱乐,2,2,0.51,0.51,0.51,0.51
600803,新奥股份,2,-1,1.96,-0.37,4.15,-0.49
688095,福昕软件,2,1,2.37,1.10,3.94,1.81
002013,中航机电,2,0,2.89,-0.14,2.89,-0.14
605016,百龙创园,2,-1,2.02,-1.36,4.03,-2.70
002142,宁波银行,2,0,18.87,0.00,19.09,0.00
601088,中国神华,2,1,0.26,0.15,0.31,0.18
605158,华达新材,2,2,0.37,0.37,1.32,1.32
300132,青松股份,2,1,2.27,1.25,2.35,1.29
300558,贝达药业,2,1,2.40,1.00,2.40,1.00
600031,三一重工,2,-1,1.31,-0.21,1.32,-0.20
601008,连云港,2,1,0.42,0.28,0.52,0.35
603999,读者传媒,2,0,0.89,-0.12,0.89,-0.12
003037,三和管桩,2,0,0.21,0.00,1.16,0.00
600567,山鹰国际,2,1,0.80,0.33,0.80,0.33
001309,德明利,2,1,0.51,0.41,2.05,2.05
000796,ST凯撒,2,1,5.37,0.37,5.37,0.37
002916,深南电路,2,-2,0.95,-0.73,0.95,-0.82
600543,莫高股份,2,1,1.45,0.90,1.45,0.90
688282,理工导航,2,1,0.59,0.14,2.46,0.49
601998,中信银行,2,0,0.27,0.03,0.39,0.04
603180,金牌厨柜,2,-1,3.88,-1.39,4.15,-1.49
600021,上海电力,2,2,1.03,1.03,1.10,1.10
000818,航锦科技,2,0,2.70,0.09,2.70,0.09
688095,福昕软件,2,1,2.37,1.10,3.94,1.81
002013,中航机电,2,0,2.89,-0.14,2.89,-0.14
600543,莫高股份,2,1,1.45,0.90,1.45,0.90
600021,上海电力,2,2,1.03,1.03,1.10,1.10
600170,上海建工,2,0,1.90,-0.28,1.90,-0.28
002142,宁波银行,2,0,18.87,0.00,19.09,0.00
603198,迎驾贡酒,2,0,3.30,0.51,3.30,0.51
605158,华达新材,2,2,0.37,0.37,1.32,1.32
002947,恒铭达,2,0,3.15,-2.61,3.15,-2.61
601233,桐昆股份,2,0,1.99,-0.29,2.09,-0.31
300760,迈瑞医疗,2,0,2.11,-0.02,2.11,-0.02
300369,绿盟科技,2,1,2.96,0.81,2.96,0.81
600939,重庆建工,2,1,0.67,0.13,0.67,0.13
601008,连云港,2,1,0.42,0.28,0.52,0.35
603999,读者传媒,2,0,0.89,-0.12,0.89,-0.12
003037,三和管桩,2,0,0.21,0.00,1.16,0.00
001309,德明利,2,1,0.51,0.41,2.05,2.05
000796,ST凯撒,2,1,5.37,0.37,5.37,0.37
002916,深南电路,2,-2,0.95,-0.73,0.95,-0.82
601699,潞安环能,2,0,1.15,0.26,1.15,0.26
600248,陕西建工,2,0,1.39,-0.04,3.54,-0.09
000818,航锦科技,2,0,2.70,0.09,2.70,0.09
688266,泽璟制药,2,0,2.87,0.02,4.90,0.04
000875,吉电股份,2,-1,1.03,-0.83,1.18,-0.94
000623,吉林敖东,2,0,0.70,0.02,0.70,0.02
002709,天赐材料,2,0,2.03,-0.33,2.04,-0.33
002570,贝因美,2,1,1.47,0.94,1.47,0.94
002646,天佑德酒,2,1,4.41,0.78,4.41,0.78
600820,隧道股份,2,0,2.22,-0.08,2.22,-0.08
601607,上海医药,2,0,0.83,0.15,1.60,0.30
000888,峨眉山A,2,1,1.07,0.59,1.07,0.59
688630,芯碁微装,2,1,4.19,1.97,7.54,3.54
000538,云南白药,2,0,0.93,-0.10,1.93,-0.22
000099,中信海直,2,1,2.90,0.60,3.17,0.66
600160,巨化股份,2,-2,3.46,-0.89,3.46,-0.89
002162,悦心健康,2,1,0.33,0.12,0.36,0.13
601225,陕西煤业,2,-1,0.81,-0.33,0.81,-0.33
300031,宝通科技,2,0,1.74,0.09,1.74,0.09
601965,中国汽研,2,-2,1.73,-1.62,1.78,-1.61
600022,山东钢铁,2,-1,0.41,-0.21,0.41,-0.21
601718,际华集团,2,1,0.57,0.28,0.57,0.28
000768,中航西飞,2,0,0.88,-0.06,0.88,-0.06
601008,连云港,2,1,0.42,0.28,0.52,0.35
603999,读者传媒,2,0,0.89,-0.12,0.89,-0.12
003037,三和管桩,2,0,0.21,0.00,1.16,0.00
002943,宇晶股份,2,1,2.73,1.80,2.73,1.80
001309,德明利,2,1,0.51,0.41,2.05,2.05
688658,悦康药业,2,2,1.44,1.44,3.20,3.20
000796,ST凯撒,2,1,5.37,0.37,5.37,0.37
002916,深南电路,2,-2,0.95,-0.73,0.95,-0.82
603527,众源新材,2,1,1.17,0.49,1.17,0.49
000818,航锦科技,2,0,2.70,0.09,2.70,0.09
000630,铜陵有色,2,0,0.79,-0.25,0.79,-0.25
688266,泽璟制药,2,0,2.87,0.02,4.90,0.04
603009,北特科技,2,2,2.20,2.20,2.33,2.33
600820,隧道股份,2,0,2.22,-0.08,2.22,-0.08
600649,城投控股,2,0,0.74,-0.18,0.74,-0.18
000686,东北证券,2,0,2.28,0.18,2.28,0.18
000538,云南白药,2,0,0.93,-0.10,1.93,-0.22
300795,米奥会展,2,0,1.77,0.00,4.11,-0.01
688012,中微公司,2,-4,4.65,-3.57,4.65,-10.75
600160,巨化股份,2,-2,3.46,-0.89,3.46,-0.89
603069,海汽集团,2,2,0.70,0.70,0.70,0.70
300031,宝通科技,2,0,1.74,0.09,1.74,0.09
603960,克来机电,2,0,6.20,0.04,6.27,0.03
600977,中国电影,2,0,1.34,-0.09,1.34,-0.09
300432,富临精工,2,-3,1.12,-2.16,1.14,-2.45
600616,金枫酒业,2,1,1.15,0.61,1.15,0.61
601198,东兴证券,2,0,1.88,0.13,1.88,0.13
688121,卓然股份,2,-7,3.68,-3.11,5.34,-26.10
603915,国茂股份,2,0,2.14,0.12,2.17,0.11
600165,新日恒力,2,0,2.63,0.11,2.63,0.11
300861,美畅股份,2,-1,2.34,-0.70,4.65,-1.38
002810,山东赫达,2,-1,2.53,-1.53,2.68,-1.62
600276,恒瑞医药,2,0,1.60,0.60,1.60,0.60
002368,太极股份,2,1,2.47,0.61,2.47,0.61
688690,纳微科技,2,1,1.61,0.86,3.96,2.14
688237,超卓航科,2,2,1.86,1.86,9.28,9.28
002695,煌上煌,2,0,1.38,-0.97,1.38,-0.97
600025,华能水电,2,2,0.28,0.28,0.28,0.28
688266,泽璟制药,2,0,2.87,0.02,4.90,0.04
601011,宝泰隆,2,-1,1.64,0.10,1.64,-0.20
600820,隧道股份,2,0,2.22,-0.08,2.22,-0.08
000538,云南白药,2,0,0.93,-0.10,1.93,-0.22
601012,隆基绿能,2,0,6.59,0.20,6.59,0.20
600160,巨化股份,2,-2,3.46,-0.89,3.46,-0.89
300031,宝通科技,2,0,1.74,0.09,1.74,0.09
000861,海印股份,2,0,1.79,0.13,1.84,0.14
601888,中国中免,2,0,1.38,-0.07,1.47,0.02
603960,克来机电,2,0,6.20,0.04,6.27,0.03
603087,甘李药业,2,0,1.01,0.20,1.93,0.37
000757,浩物股份,2,0,0.80,0.03,1.01,0.01
300432,富临精工,2,-3,1.12,-2.16,1.14,-2.45
688018,乐鑫科技,2,-2,2.69,-2.28,2.69,-6.08
000014,沙河股份,2,1,0.71,-1.37,0.71,-1.37
603915,国茂股份,2,0,2.14,0.12,2.17,0.11
600165,新日恒力,2,0,2.63,0.11,2.63,0.11
002810,山东赫达,2,-1,2.53,-1.53,2.68,-1.62
600008,首创环保,2,-1,0.46,-0.23,0.46,-0.23
002368,太极股份,2,1,2.47,0.61,2.47,0.61
603315,福鞍股份,2,-2,0.92,-0.74,0.92,-1.40
002543,万和电气,2,2,1.36,1.36,1.36,1.36
688237,超卓航科,2,2,1.86,1.86,9.28,9.28
002695,煌上煌,2,0,1.38,-0.97,1.38,-0.97
688618,三旺通信,2,1,1.83,0.93,5.60,2.84
688318,财富趋势,2,-1,1.41,-0.56,4.55,-1.85
600499,科达制造,2,0,2.93,-0.09,3.49,-0.13
601858,中国科传,2,2,0.63,0.63,0.63,0.63
688322,奥比中光,2,2,0.18,0.18,2.27,2.27
688789,宏华数科,2,-3,3.04,-0.96,5.63,-12.98
300770,新媒股份,2,0,1.45,0.05,1.45,0.05
605358,立昂微,2,0,2.30,0.14,3.10,0.19
000333,美的集团,2,0,1.42,-0.02,1.43,-0.02
002893,华通热力,2,2,4.30,4.30,4.30,4.30
601016,节能风电,2,0,0.53,0.16,0.59,0.18
601699,潞安环能,2,0,1.15,0.26,1.15,0.26
000099,中信海直,2,1,2.90,0.60,3.17,0.66
002943,宇晶股份,2,1,2.73,1.80,2.73,1.80
300722,新余国科,2,0,0.71,-0.02,0.71,-0.02
601998,中信银行,2,0,0.27,0.03,0.39,0.04
002800,天顺股份,2,2,0.94,0.94,0.98,0.98
300432,富临精工,2,-3,1.12,-2.16,1.14,-2.45
600567,山鹰国际,2,1,0.80,0.33,0.80,0.33
600498,烽火通信,2,0,0.71,0.04,0.75,0.05
605358,立昂微,2,0,2.30,0.14,3.10,0.19
601858,中国科传,2,2,0.63,0.63,0.63,0.63
603915,国茂股份,2,0,2.14,0.12,2.17,0.11
600165,新日恒力,2,0,2.63,0.11,2.63,0.11
688322,奥比中光,2,2,0.18,0.18,2.27,2.27
600362,江西铜业,2,1,0.15,0.07,0.26,0.13
002810,山东赫达,2,-1,2.53,-1.53,2.68,-1.62
688526,科前生物,2,-2,1.56,-1.10,6.06,-4.26
600645,中源协和,2,1,3.10,0.53,3.10,0.53
603693,江苏新能,2,-1,0.20,-0.63,0.22,-0.70
002368,太极股份,2,1,2.47,0.61,2.47,0.61
688237,超卓航科,2,2,1.86,1.86,9.28,9.28
000034,神州数码,2,2,1.83,1.83,1.83,1.83
002695,煌上煌,2,0,1.38,-0.97,1.38,-0.97
688318,财富趋势,2,-1,1.41,-0.56,4.55,-1.85
688170,德龙激光,2,1,0.54,-0.02,2.54,-0.08
601200,上海环境,2,0,0.64,0.02,0.64,0.02
300770,新媒股份,2,0,1.45,0.05,1.45,0.05
601869,长飞光纤,2,2,0.86,0.86,1.61,1.61
601699,潞安环能,2,0,1.15,0.26,1.15,0.26
000099,中信海直,2,1,2.90,0.60,3.17,0.66
603127,昭衍新药,2,0,6.29,0.00,7.49,0.00
601375,中原证券,2,0,2.23,0.17,3.01,0.24
002405,四维图新,2,0,2.26,-0.70,2.37,-0.73
300512,中亚股份,2,0,0.95,0.00,0.97,0.00
601998,中信银行,2,0,0.27,0.03,0.39,0.04
688282,理工导航,2,1,0.59,0.14,2.46,0.49
300171,东富龙,2,-1,1.37,-0.93,1.37,-0.93
600503,华丽家族,2,0,1.89,-0.42,1.89,-0.42
601020,华钰矿业,2,1,1.70,1.02,1.70,1.02
600012,皖通高速,2,2,0.39,0.39,0.55,0.55
002034,旺能环境,2,-1,5.84,-1.84,5.86,-1.85
002182,云海金属,2,1,1.53,0.83,1.53,0.83
002291,星期六,2,0,4.06,0.42,4.07,0.41
300795,米奥会展,2,0,1.77,0.00,4.11,-0.01
000970,中科三环,2,1,1.71,1.15,1.71,1.15
601699,潞安环能,2,0,1.15,0.26,1.15,0.26
000099,中信海直,2,1,2.90,0.60,3.17,0.66
300440,运达科技,2,2,0.85,0.85,0.85,0.85
603936,博敏电子,2,2,1.70,1.70,1.70,1.70
002382,蓝帆医疗,2,1,1.37,0.61,1.37,0.61
601998,中信银行,2,0,0.27,0.03,0.39,0.04
688282,理工导航,2,1,0.59,0.14,2.46,0.49
600282,南钢股份,2,-1,2.38,-1.09,3.28,-1.51
600503,华丽家族,2,0,1.89,-0.42,1.89,-0.42
600729,重庆百货,2,0,6.00,2.93,6.07,2.99
002034,旺能环境,2,-1,5.84,-1.84,5.86,-1.85
002182,云海金属,2,1,1.53,0.83,1.53,0.83
301127,天源环保,2,-1,0.17,-0.11,0.68,-0.45
600803,新奥股份,2,-1,1.96,-0.37,4.15,-0.49
300795,米奥会展,2,0,1.77,0.00,4.11,-0.01
000726,鲁泰A,2,0,1.84,0.02,2.86,0.03
000970,中科三环,2,1,1.71,1.15,1.71,1.15
688622,禾信仪器,2,1,1.23,0.96,2.26,0.99
002646,天佑德酒,2,1,4.41,0.78,4.41,0.78
002162,悦心健康,2,1,0.33,0.12,0.36,0.13
603127,昭衍新药,2,0,6.29,0.00,7.49,0.00
003002,壶化股份,2,1,1.41,0.88,3.30,2.06
002688,金河生物,2,1,1.31,0.74,1.31,0.74
688080,映翰通,2,0,2.25,-0.01,3.12,-0.01
002615,哈尔斯,2,0,1.88,0.51,1.92,0.52
000797,中国武夷,2,-1,0.58,-0.64,0.58,-0.64
002452,长高电新,2,1,1.47,-0.01,1.47,-0.01
300049,福瑞股份,2,0,2.83,0.94,2.90,0.96
688670,金迪克,2,1,1.14,0.35,3.28,-0.37
300793,佳禾智能,2,1,1.53,0.33,2.99,0.65
002115,三维通信,2,1,0.91,-0.26,0.91,-0.26
603998,方盛制药,2,2,0.81,0.81,0.83,0.83
002805,丰元股份,2,-1,0.99,-2.87,0.99,-2.87
002989,中天精装,2,-1,2.12,-1.12,3.83,-2.02
601016,节能风电,2,0,0.53,0.16,0.59,0.18
600250,南纺股份,2,1,1.60,1.10,1.84,1.26
600684,珠江股份,2,1,0.92,0.20,0.92,0.20
600867,通化东宝,2,-1,2.76,-0.53,2.77,-0.53
601020,华钰矿业,2,1,1.70,1.02,1.70,1.02
603527,众源新材,2,1,1.17,0.49,1.17,0.49
002573,清新环境,2,2,0.58,0.58,0.76,0.76
002057,中钢天源,2,0,5.97,0.15,6.08,0.16
002529,海源复材,2,0,1.92,0.43,1.92,0.43
600313,农发种业,3,0,2.53,0.32,2.69,0.35
002959,小熊电器,3,-2,1.68,-1.17,1.68,-4.15
688063,派能科技,3,1,2.94,0.89,5.52,1.67
688138,清溢光电,3,-1,1.64,-0.19,5.35,-0.65
300638,广和通,3,-1,9.20,-2.23,9.25,-2.22
603616,韩建河山,3,2,1.20,0.90,1.20,0.90
000001,平安银行,3,-1,56.00,-0.22,56.00,-0.22
603778,乾景园林,3,3,2.12,2.12,2.12,2.12
300088,长信科技,3,0,1.49,0.08,1.49,0.08
688160,步科股份,3,3,1.30,1.30,4.08,4.08
600422,昆药集团,3,0,5.98,0.70,5.99,0.70
603158,腾龙股份,3,2,3.39,2.05,3.39,2.05
600895,张江高科,3,0,1.09,-0.25,1.09,-0.25
600997,开滦股份,3,-2,1.07,-0.77,1.07,-0.77
002623,亚玛顿,3,-1,2.03,-0.58,2.03,-0.58
603667,五洲新春,3,1,4.24,0.96,4.30,0.76
603583,捷昌驱动,3,0,7.35,0.03,7.42,0.07
000513,丽珠集团,3,1,1.18,0.30,1.81,0.46
688310,迈得医疗,3,1,2.55,0.34,5.64,0.76
300146,汤臣倍健,3,-1,2.55,-0.35,2.55,-0.56
300268,佳沃食品,3,-1,2.66,-0.50,3.46,-0.64
688698,伟创电气,3,-1,3.25,0.09,13.68,0.36
300083,创世纪,3,0,8.00,0.26,8.00,-0.26
002304,洋河股份,3,-1,6.34,-0.61,6.34,-1.99
603983,丸美股份,3,0,1.04,0.15,1.04,-3.59
000657,中钨高新,3,0,1.85,-0.99,2.11,-1.10
605138,盛泰集团,3,2,0.36,0.27,3.60,2.70
002850,科达利,3,0,4.25,-0.17,4.25,-0.17
601579,会稽山,3,-1,1.15,-0.16,1.15,-0.16
603738,泰晶科技,3,0,5.67,-0.55,5.74,-0.57
603896,寿仙谷,3,1,4.83,1.33,4.83,1.33
000717,中南股份,3,1,0.64,0.22,0.64,0.22
601898,中煤能源,3,0,0.53,0.09,0.76,0.13
002653,海思科,3,0,2.35,0.55,2.36,0.56
000036,华联控股,3,0,2.14,-0.20,2.14,-0.20
002595,豪迈科技,3,0,4.92,-0.12,4.92,-0.12
300747,锐科激光,3,0,4.10,-0.58,4.14,-0.58
300146,汤臣倍健,3,-1,2.55,-0.35,2.55,-0.56
300268,佳沃食品,3,-1,2.66,-0.50,3.46,-0.64
605060,联德股份,3,1,3.03,1.03,8.91,3.02
300083,创世纪,3,0,8.00,0.26,8.00,-0.26
600372,中航电子,3,0,2.45,-0.29,2.45,-0.29
300138,晨光生物,3,1,4.05,1.51,4.05,1.51
688300,联瑞新材,3,-3,3.90,-5.95,6.29,-9.60
002258,利尔化学,3,-1,7.90,-0.17,7.90,-0.17
603916,苏博特,3,0,5.76,0.04,5.78,0.04
002262,恩华药业,3,1,3.85,1.12,3.85,1.12
300763,锦浪科技,3,0,4.32,-0.64,4.34,-0.65
603600,永艺股份,3,0,8.42,0.00,8.42,0.00
600151,航天机电,3,0,2.46,0.04,2.46,0.04
603178,圣龙股份,3,0,2.12,-1.50,2.17,-1.55
603040,新坐标,3,0,2.93,0.00,2.93,0.00
000069,华侨城A,3,0,1.85,-0.33,2.15,-0.38
600801,华新水泥,3,-1,1.52,-0.61,2.34,-0.94
300582,英飞特,3,1,2.36,0.38,2.38,0.38
688389,普门科技,3,1,2.96,1.05,7.95,2.81
003038,鑫铂股份,3,-3,3.62,-4.24,9.79,-11.14
300207,欣旺达,3,-3,3.00,-2.80,3.03,-2.82
301198,喜悦智行,3,2,1.90,1.59,7.61,6.39
688776,国光电气,3,-1,2.31,-0.91,7.47,-7.41
002941,新疆交建,3,2,1.65,0.93,1.65,0.93
002737,葵花药业,3,1,4.73,4.08,4.73,4.08
000657,中钨高新,3,0,1.85,-0.99,2.11,-1.10
002850,科达利,3,0,4.25,-0.17,4.25,-0.17
601579,会稽山,3,-1,1.15,-0.16,1.15,-0.16
002895,川恒股份,3,-1,1.19,-1.32,1.20,-1.35
603896,寿仙谷,3,1,4.83,1.33,4.83,1.33
000717,中南股份,3,1,0.64,0.22,0.64,0.22
601898,中煤能源,3,0,0.53,0.09,0.76,0.13
002653,海思科,3,0,2.35,0.55,2.36,0.56
000036,华联控股,3,0,2.14,-0.20,2.14,-0.20
002595,豪迈科技,3,0,4.92,-0.12,4.92,-0.12
603701,德宏股份,3,2,8.92,8.21,8.92,8.21
688662,富信科技,3,0,3.80,0.69,6.29,1.13
300747,锐科激光,3,0,4.10,-0.58,4.14,-0.58
000716,黑芝麻,3,2,0.88,0.46,0.89,0.47
301239,普瑞眼科,3,3,3.01,3.01,12.70,12.70
300763,锦浪科技,3,0,4.32,-0.64,4.34,-0.65
603178,圣龙股份,3,0,2.12,-1.50,2.17,-1.55
601878,浙商证券,3,0,2.29,0.42,2.29,0.42
000069,华侨城A,3,0,1.85,-0.33,2.15,-0.38
600801,华新水泥,3,-1,1.52,-0.61,2.34,-0.94
300582,英飞特,3,1,2.36,0.38,2.38,0.38
003038,鑫铂股份,3,-3,3.62,-4.24,9.79,-11.14
300207,欣旺达,3,-3,3.00,-2.80,3.03,-2.82
688199,久日新材,3,-1,2.58,-1.01,3.26,-1.32
301198,喜悦智行,3,2,1.90,1.59,7.61,6.39
002941,新疆交建,3,2,1.65,0.93,1.65,0.93
002737,葵花药业,3,1,4.73,4.08,4.73,4.08
000657,中钨高新,3,0,1.85,-0.99,2.11,-1.10
601066,中信建投,3,0,0.77,0.16,1.57,0.33
002850,科达利,3,0,4.25,-0.17,4.25,-0.17
601579,会稽山,3,-1,1.15,-0.16,1.15,-0.16
601918,新集能源,3,-1,1.36,-0.66,1.36,-0.66
603896,寿仙谷,3,1,4.83,1.33,4.83,1.33
000717,中南股份,3,1,0.64,0.22,0.64,0.22
603739,蔚蓝生物,3,0,3.49,-0.10,4.07,-0.11
688009,中国通号,3,0,1.34,0.19,7.02,0.96
601898,中煤能源,3,0,0.53,0.09,0.76,0.13
002653,海思科,3,0,2.35,0.55,2.36,0.56
000036,华联控股,3,0,2.14,-0.20,2.14,-0.20
002595,豪迈科技,3,0,4.92,-0.12,4.92,-0.12
600990,四创电子,3,0,3.25,-0.71,3.32,-0.73
600409,三友化工,3,0,1.72,-0.23,1.72,-0.23
300747,锐科激光,3,0,4.10,-0.58,4.14,-0.58
301239,普瑞眼科,3,3,3.01,3.01,12.70,12.70
688536,思瑞浦,3,0,8.35,1.35,15.36,2.30
603158,腾龙股份,3,2,3.39,2.05,3.39,2.05
600372,中航电子,3,0,2.45,-0.29,2.45,-0.29
603708,家家悦,3,-1,2.15,-4.44,2.15,-4.44
600009,上海机场,3,1,1.20,0.11,2.73,0.80
600594,益佰制药,3,0,1.46,0.00,1.46,0.00
002407,多氟多,3,0,1.66,0.09,1.67,0.08
688508,芯朋微,3,0,4.07,1.43,6.65,2.24
300757,罗博特科,3,0,5.03,-0.41,5.35,-0.43
688685,迈信林,3,1,4.02,1.80,8.15,3.65
000937,冀中能源,3,1,0.71,-0.14,0.86,-0.17
300747,锐科激光,3,0,4.10,-0.58,4.14,-0.58
301239,普瑞眼科,3,3,3.01,3.01,12.70,12.70
002895,川恒股份,3,-1,1.19,-1.32,1.20,-1.35
605060,联德股份,3,1,3.03,1.03,8.91,3.02
600238,海南椰岛,3,0,1.58,0.21,1.59,0.21
002036,联创电子,3,0,7.54,0.39,7.61,0.38
600884,杉杉股份,3,-2,2.00,-1.33,2.59,-1.76
002238,天威视讯,3,-1,2.04,-0.35,2.04,-0.35
603518,锦泓集团,3,-1,4.12,-0.68,4.12,-1.49
603587,地素时尚,3,0,2.72,-0.36,2.74,-0.36
601069,西部黄金,3,0,1.43,-0.91,2.00,-0.37
605296,神农集团,3,-1,0.29,-0.03,2.30,-0.24
601881,中国银河,3,0,0.58,-0.01,0.92,-0.01
002324,普利特,3,1,4.97,0.59,4.97,0.59
600873,梅花生物,3,-1,6.49,-1.17,6.49,-1.17
603055,台华新材,3,-1,4.33,-2.29,4.35,-2.32
002304,洋河股份,3,-1,6.34,-0.61,6.34,-1.99
300390,天华超净,3,0,3.03,-0.08,3.03,-0.08
603158,腾龙股份,3,2,3.39,2.05,3.39,2.05
000540,中天金融,3,1,0.81,-0.11,0.81,-0.11
603708,家家悦,3,-1,2.15,-4.44,2.15,-4.44
600594,益佰制药,3,0,1.46,0.00,1.46,0.00
002407,多氟多,3,0,1.66,0.09,1.67,0.08
688508,芯朋微,3,0,4.07,1.43,6.65,2.24
688776,国光电气,3,-1,2.31,-0.91,7.47,-7.41
300757,罗博特科,3,0,5.03,-0.41,5.35,-0.43
688685,迈信林,3,1,4.02,1.80,8.15,3.65
000937,冀中能源,3,1,0.71,-0.14,0.86,-0.17
002345,潮宏基,3,2,4.33,3.77,4.33,3.77
002935,天奥电子,3,-2,1.92,-3.69,1.95,-3.66
603056,德邦股份,3,3,0.58,0.58,0.62,0.62
002906,华阳集团,3,-3,3.77,-1.27,3.78,-1.28
002959,小熊电器,3,-2,1.68,-1.17,1.68,-4.15
688368,晶丰明源,3,-2,2.13,-1.39,7.83,-5.08
688079,美迪凯,3,2,1.06,0.76,2.44,1.76
300037,新宙邦,3,0,5.05,-0.50,5.05,-0.50
601298,青岛港,3,2,0.27,0.21,0.33,0.26
688299,长阳科技,3,-2,5.90,-2.61,7.38,-3.25
601066,中信建投,3,0,0.77,0.16,1.57,0.33
600409,三友化工,3,0,1.72,-0.23,1.72,-0.23
601066,中信建投,3,0,0.77,0.16,1.57,0.33
600238,海南椰岛,3,0,1.58,0.21,1.59,0.21
688009,中国通号,3,0,1.34,0.19,7.02,0.96
002036,联创电子,3,0,7.54,0.39,7.61,0.38
601298,青岛港,3,2,0.27,0.21,0.33,0.26
600884,杉杉股份,3,-2,2.00,-1.33,2.59,-1.76
002238,天威视讯,3,-1,2.04,-0.35,2.04,-0.35
603518,锦泓集团,3,-1,4.12,-0.68,4.12,-1.49
603587,地素时尚,3,0,2.72,-0.36,2.74,-0.36
601069,西部黄金,3,0,1.43,-0.91,2.00,-0.37
605296,神农集团,3,-1,0.29,-0.03,2.30,-0.24
601881,中国银河,3,0,0.58,-0.01,0.92,-0.01
002324,普利特,3,1,4.97,0.59,4.97,0.59
600873,梅花生物,3,-1,6.49,-1.17,6.49,-1.17
603055,台华新材,3,-1,4.33,-2.29,4.35,-2.32
600054,黄山旅游,3,0,1.80,0.35,2.55,0.48
300390,天华超净,3,0,3.03,-0.08,3.03,-0.08
603158,腾龙股份,3,2,3.39,2.05,3.39,2.05
688106,金宏气体,3,0,3.17,0.22,5.82,0.39
600875,东方电气,3,1,1.67,0.36,2.59,0.56
603708,家家悦,3,-1,2.15,-4.44,2.15,-4.44
600594,益佰制药,3,0,1.46,0.00,1.46,0.00
002407,多氟多,3,0,1.66,0.09,1.67,0.08
688508,芯朋微,3,0,4.07,1.43,6.65,2.24
300757,罗博特科,3,0,5.03,-0.41,5.35,-0.43
688685,迈信林,3,1,4.02,1.80,8.15,3.65
000937,冀中能源,3,1,0.71,-0.14,0.86,-0.17
002345,潮宏基,3,2,4.33,3.77,4.33,3.77
002935,天奥电子,3,-2,1.92,-3.69,1.95,-3.66
603056,德邦股份,3,3,0.58,0.58,0.62,0.62
002906,华阳集团,3,-3,3.77,-1.27,3.78,-1.28
002959,小熊电器,3,-2,1.68,-1.17,1.68,-4.15
688368,晶丰明源,3,-2,2.13,-1.39,7.83,-5.08
688021,奥福环保,3,0,6.03,-0.33,10.05,-0.54
688079,美迪凯,3,2,1.06,0.76,2.44,1.76
300037,新宙邦,3,0,5.05,-0.50,5.05,-0.50
688299,长阳科技,3,-2,5.90,-2.61,7.38,-3.25
601808,中海油服,3,-1,0.47,-0.15,0.76,-0.24
601689,拓普集团,3,3,1.78,1.78,1.78,1.78
603893,瑞芯微,3,0,6.20,0.16,13.62,0.33
600884,杉杉股份,3,-2,2.00,-1.33,2.59,-1.76
002238,天威视讯,3,-1,2.04,-0.35,2.04,-0.35
603518,锦泓集团,3,-1,4.12,-0.68,4.12,-1.49
603587,地素时尚,3,0,2.72,-0.36,2.74,-0.36
601069,西部黄金,3,0,1.43,-0.91,2.00,-0.37
605296,神农集团,3,-1,0.29,-0.03,2.30,-0.24
601881,中国银河,3,0,0.58,-0.01,0.92,-0.01
002324,普利特,3,1,4.97,0.59,4.97,0.59
600873,梅花生物,3,-1,6.49,-1.17,6.49,-1.17
603055,台华新材,3,-1,4.33,-2.29,4.35,-2.32
300390,天华超净,3,0,3.03,-0.08,3.03,-0.08
603158,腾龙股份,3,2,3.39,2.05,3.39,2.05
688021,奥福环保,3,0,6.03,-0.33,10.05,-0.54
603708,家家悦,3,-1,2.15,-4.44,2.15,-4.44
600594,益佰制药,3,0,1.46,0.00,1.46,0.00
002407,多氟多,3,0,1.66,0.09,1.67,0.08
600151,航天机电,3,0,2.46,0.04,2.46,0.04
688508,芯朋微,3,0,4.07,1.43,6.65,2.24
300757,罗博特科,3,0,5.03,-0.41,5.35,-0.43
688685,迈信林,3,1,4.02,1.80,8.15,3.65
000937,冀中能源,3,1,0.71,-0.14,0.86,-0.17
002345,潮宏基,3,2,4.33,3.77,4.33,3.77
002935,天奥电子,3,-2,1.92,-3.69,1.95,-3.66
603056,德邦股份,3,3,0.58,0.58,0.62,0.62
002906,华阳集团,3,-3,3.77,-1.27,3.78,-1.28
002959,小熊电器,3,-2,1.68,-1.17,1.68,-4.15
688368,晶丰明源,3,-2,2.13,-1.39,7.83,-5.08
688079,美迪凯,3,2,1.06,0.76,2.44,1.76
300037,新宙邦,3,0,5.05,-0.50,5.05,-0.50
688299,长阳科技,3,-2,5.90,-2.61,7.38,-3.25
601808,中海油服,3,-1,0.47,-0.15,0.76,-0.24
601689,拓普集团,3,3,1.78,1.78,1.78,1.78
688390,固德威,3,1,3.43,1.25,5.23,1.90
603893,瑞芯微,3,0,6.20,0.16,13.62,0.33
000935,四川双马,3,0,2.25,0.60,2.25,0.60
002304,洋河股份,3,-1,6.34,-0.61,6.34,-1.99
603667,五洲新春,3,1,4.24,0.96,4.30,0.76
688698,伟创电气,3,-1,3.25,0.09,13.68,0.36
300636,同和药业,3,2,3.07,2.37,3.11,2.40
002690,美亚光电,3,0,3.54,0.25,3.55,0.25
600873,梅花生物,3,-1,6.49,-1.17,6.49,-1.17
603055,台华新材,3,-1,4.33,-2.29,4.35,-2.32
300390,天华超净,3,0,3.03,-0.08,3.03,-0.08
603158,腾龙股份,3,2,3.39,2.05,3.39,2.05
603881,数据港,3,1,0.78,0.24,0.78,0.24
603708,家家悦,3,-1,2.15,-4.44,2.15,-4.44
600594,益佰制药,3,0,1.46,0.00,1.46,0.00
002407,多氟多,3,0,1.66,0.09,1.67,0.08
688508,芯朋微,3,0,4.07,1.43,6.65,2.24
300757,罗博特科,3,0,5.03,-0.41,5.35,-0.43
688685,迈信林,3,1,4.02,1.80,8.15,3.65
000937,冀中能源,3,1,0.71,-0.14,0.86,-0.17
002345,潮宏基,3,2,4.33,3.77,4.33,3.77
002935,天奥电子,3,-2,1.92,-3.69,1.95,-3.66
603056,德邦股份,3,3,0.58,0.58,0.62,0.62
002906,华阳集团,3,-3,3.77,-1.27,3.78,-1.28
002959,小熊电器,3,-2,1.68,-1.17,1.68,-4.15
688368,晶丰明源,3,-2,2.13,-1.39,7.83,-5.08
688079,美迪凯,3,2,1.06,0.76,2.44,1.76
300037,新宙邦,3,0,5.05,-0.50,5.05,-0.50
688299,长阳科技,3,-2,5.90,-2.61,7.38,-3.25
600212,绿能慧充,3,3,3.51,3.51,3.51,3.51
601890,亚星锚链,3,0,2.73,-0.91,2.73,-0.91
601808,中海油服,3,-1,0.47,-0.15,0.76,-0.24
601689,拓普集团,3,3,1.78,1.78,1.78,1.78
603893,瑞芯微,3,0,6.20,0.16,13.62,0.33
603983,丸美股份,3,0,1.04,0.15,1.04,-3.59
600237,铜峰电子,3,-1,2.69,-4.07,2.69,-4.07
002304,洋河股份,3,-1,6.34,-0.61,6.34,-1.99
603667,五洲新春,3,1,4.24,0.96,4.30,0.76
688698,伟创电气,3,-1,3.25,0.09,13.68,0.36
300636,同和药业,3,2,3.07,2.37,3.11,2.40
002367,康力电梯,3,2,1.11,0.38,1.11,0.38
688776,国光电气,3,-1,2.31,-0.91,7.47,-7.41
603208,江山欧派,3,-1,6.62,0.35,6.62,0.35
688662,富信科技,3,0,3.80,0.69,6.29,1.13
688131,皓元医药,3,2,5.05,3.36,8.57,5.71
300482,万孚生物,3,1,2.39,0.90,2.40,0.91
000690,宝新能源,3,3,4.51,4.51,4.51,4.51
000998,隆平高科,3,0,2.26,-1.61,2.26,-1.61
603708,家家悦,3,-1,2.15,-4.44,2.15,-4.44
600594,益佰制药,3,0,1.46,0.00,1.46,0.00
002407,多氟多,3,0,1.66,0.09,1.67,0.08
002390,信邦制药,3,-1,2.47,-2.32,3.00,-2.83
688508,芯朋微,3,0,4.07,1.43,6.65,2.24
300757,罗博特科,3,0,5.03,-0.41,5.35,-0.43
688685,迈信林,3,1,4.02,1.80,8.15,3.65
000937,冀中能源,3,1,0.71,-0.14,0.86,-0.17
002345,潮宏基,3,2,4.33,3.77,4.33,3.77
002935,天奥电子,3,-2,1.92,-3.69,1.95,-3.66
603056,德邦股份,3,3,0.58,0.58,0.62,0.62
002906,华阳集团,3,-3,3.77,-1.27,3.78,-1.28
002959,小熊电器,3,-2,1.68,-1.17,1.68,-4.15
688368,晶丰明源,3,-2,2.13,-1.39,7.83,-5.08
688079,美迪凯,3,2,1.06,0.76,2.44,1.76
300037,新宙邦,3,0,5.05,-0.50,5.05,-0.50
688299,长阳科技,3,-2,5.90,-2.61,7.38,-3.25
601808,中海油服,3,-1,0.47,-0.15,0.76,-0.24
601689,拓普集团,3,3,1.78,1.78,1.78,1.78
603893,瑞芯微,3,0,6.20,0.16,13.62,0.33
600882,妙可蓝多,3,2,3.44,2.19,4.33,2.75
002304,洋河股份,3,-1,6.34,-0.61,6.34,-1.99
603667,五洲新春,3,1,4.24,0.96,4.30,0.76
688698,伟创电气,3,-1,3.25,0.09,13.68,0.36
300636,同和药业,3,2,3.07,2.37,3.11,2.40
002367,康力电梯,3,2,1.11,0.38,1.11,0.38
003043,华亚智能,3,3,3.33,3.33,8.83,8.83
688776,国光电气,3,-1,2.31,-0.91,7.47,-7.41
603876,鼎胜新材,3,1,3.13,0.70,3.16,0.71
603208,江山欧派,3,-1,6.62,0.35,6.62,0.35
688662,富信科技,3,0,3.80,0.69,6.29,1.13
688131,皓元医药,3,2,5.05,3.36,8.57,5.71
300482,万孚生物,3,1,2.39,0.90,2.40,0.91
000690,宝新能源,3,3,4.51,4.51,4.51,4.51
000998,隆平高科,3,0,2.26,-1.61,2.26,-1.61
600985,淮北矿业,3,2,2.06,0.79,2.06,0.79
300769,德方纳米,3,0,3.34,-0.13,3.61,-0.14
300659,中孚信息,3,-1,7.14,-2.51,8.35,-2.97
600028,中国石化,3,0,0.24,0.02,0.30,0.02
300729,乐歌股份,3,0,3.55,-0.68,3.66,-0.70
600594,益佰制药,3,0,1.46,0.00,1.46,0.00
002407,多氟多,3,0,1.66,0.09,1.67,0.08
600372,中航电子,3,0,2.45,-0.29,2.45,-0.29
688508,芯朋微,3,0,4.07,1.43,6.65,2.24
300757,罗博特科,3,0,5.03,-0.41,5.35,-0.43
688685,迈信林,3,1,4.02,1.80,8.15,3.65
000937,冀中能源,3,1,0.71,-0.14,0.86,-0.17
002345,潮宏基,3,2,4.33,3.77,4.33,3.77
002935,天奥电子,3,-2,1.92,-3.69,1.95,-3.66
603056,德邦股份,3,3,0.58,0.58,0.62,0.62
002906,华阳集团,3,-3,3.77,-1.27,3.78,-1.28
002959,小熊电器,3,-2,1.68,-1.17,1.68,-4.15
688368,晶丰明源,3,-2,2.13,-1.39,7.83,-5.08
688079,美迪凯,3,2,1.06,0.76,2.44,1.76
300037,新宙邦,3,0,5.05,-0.50,5.05,-0.50
688299,长阳科技,3,-2,5.90,-2.61,7.38,-3.25
601808,中海油服,3,-1,0.47,-0.15,0.76,-0.24
601689,拓普集团,3,3,1.78,1.78,1.78,1.78
603893,瑞芯微,3,0,6.20,0.16,13.62,0.33
002304,洋河股份,3,-1,6.34,-0.61,6.34,-1.99
002159,三特索道,3,0,5.66,0.07,7.24,0.09
603667,五洲新春,3,1,4.24,0.96,4.30,0.76
688698,伟创电气,3,-1,3.25,0.09,13.68,0.36
300636,同和药业,3,2,3.07,2.37,3.11,2.40
002367,康力电梯,3,2,1.11,0.38,1.11,0.38
688776,国光电气,3,-1,2.31,-0.91,7.47,-7.41
603208,江山欧派,3,-1,6.62,0.35,6.62,0.35
688662,富信科技,3,0,3.80,0.69,6.29,1.13
688131,皓元医药,3,2,5.05,3.36,8.57,5.71
300482,万孚生物,3,1,2.39,0.90,2.40,0.91
000690,宝新能源,3,3,4.51,4.51,4.51,4.51
000998,隆平高科,3,0,2.26,-1.61,2.26,-1.61
600985,淮北矿业,3,2,2.06,0.79,2.06,0.79
300769,德方纳米,3,0,3.34,-0.13,3.61,-0.14
300659,中孚信息,3,-1,7.14,-2.51,8.35,-2.97
300729,乐歌股份,3,0,3.55,-0.68,3.66,-0.70
000540,中天金融,3,1,0.81,-0.11,0.81,-0.11
603939,益丰药房,3,0,3.17,0.48,3.17,0.47
600237,铜峰电子,3,-1,2.69,-4.07,2.69,-4.07
002169,智光电气,3,3,3.56,3.56,3.59,3.59
601808,中海油服,3,-1,0.47,-0.15,0.76,-0.24
601689,拓普集团,3,3,1.78,1.78,1.78,1.78
603893,瑞芯微,3,0,6.20,0.16,13.62,0.33
601918,新集能源,3,-1,1.36,-0.66,1.36,-0.66
688009,中国通号,3,0,1.34,0.19,7.02,0.96
600398,海澜之家,3,0,3.43,0.04,3.43,0.04
603181,皇马科技,3,0,10.98,-0.16,10.98,-0.16
002304,洋河股份,3,-1,6.34,-0.61,6.34,-1.99
603667,五洲新春,3,1,4.24,0.96,4.30,0.76
688698,伟创电气,3,-1,3.25,0.09,13.68,0.36
300636,同和药业,3,2,3.07,2.37,3.11,2.40
002367,康力电梯,3,2,1.11,0.38,1.11,0.38
601698,中国卫通,3,1,0.19,0.02,0.19,0.02
688776,国光电气,3,-1,2.31,-0.91,7.47,-7.41
603208,江山欧派,3,-1,6.62,0.35,6.62,0.35
688662,富信科技,3,0,3.80,0.69,6.29,1.13
688131,皓元医药,3,2,5.05,3.36,8.57,5.71
300482,万孚生物,3,1,2.39,0.90,2.40,0.91
000690,宝新能源,3,3,4.51,4.51,4.51,4.51
000998,隆平高科,3,0,2.26,-1.61,2.26,-1.61
600985,淮北矿业,3,2,2.06,0.79,2.06,0.79
300769,德方纳米,3,0,3.34,-0.13,3.61,-0.14
300659,中孚信息,3,-1,7.14,-2.51,8.35,-2.97
605336,帅丰电器,3,-2,0.97,-2.63,3.07,-8.26
688728,格科微,3,-4,1.04,-0.38,3.36,-15.92
002865,钧达股份,3,0,4.02,-1.72,4.02,-1.72
300729,乐歌股份,3,0,3.55,-0.68,3.66,-0.70
000540,中天金融,3,1,0.81,-0.11,0.81,-0.11
600237,铜峰电子,3,-1,2.69,-4.07,2.69,-4.07
688538,和辉光电,3,2,1.24,0.72,3.02,1.75
688308,欧科亿,3,-1,3.53,-3.78,5.41,-5.80
600908,无锡银行,3,1,3.98,1.88,4.18,1.96
600861,北京城乡,3,-1,4.12,-0.82,4.12,-0.82
603876,鼎胜新材,3,1,3.13,0.70,3.16,0.71
600901,江苏租赁,3,0,5.51,0.05,5.55,0.05
603983,丸美股份,3,0,1.04,0.15,1.04,-3.59
605138,盛泰集团,3,2,0.36,0.27,3.60,2.70
603738,泰晶科技,3,0,5.67,-0.55,5.74,-0.57
603616,韩建河山,3,2,1.20,0.90,1.20,0.90
603778,乾景园林,3,3,2.12,2.12,2.12,2.12
002031,巨轮智能,3,3,0.68,0.68,0.68,0.68
600009,上海机场,3,1,1.20,0.11,2.73,0.80
600330,天通股份,4,2,5.68,2.35,5.68,2.35
000739,普洛药业,4,1,7.63,0.98,7.63,0.98
300327,中颖电子,4,0,11.24,-0.48,11.37,-0.49
601127,赛力斯,4,1,4.42,0.26,6.40,0.92
603688,石英股份,4,-1,3.77,-1.97,3.77,-1.97
688089,嘉必优,4,0,3.33,0.04,5.98,0.08
002925,盈趣科技,4,0,6.41,-0.12,6.46,-0.12
300879,大叶股份,4,0,1.32,-1.84,3.83,-5.37
002001,新和成,4,1,2.38,0.49,2.38,0.49
300059,东方财富,4,-1,3.60,0.04,3.60,0.04
300707,威唐工业,4,3,7.78,6.27,7.79,6.28
603650,彤程新材,4,1,2.74,0.79,2.75,0.79
301004,嘉益股份,4,-2,2.24,-1.40,9.25,-5.32
002202,金风科技,4,0,3.38,1.98,4.14,2.43
688003,天准科技,4,3,2.77,2.55,2.77,2.20
300573,兴齐眼药,4,-1,8.26,-0.78,8.26,-1.42
603368,柳药集团,4,0,9.50,0.00,9.50,-0.02
002105,信隆健康,4,0,5.19,-1.89,5.19,-1.89
003009,中天火箭,4,1,1.13,0.23,4.00,0.82
002250,联化科技,4,0,8.24,0.77,8.24,0.77
600508,上海能源,4,-2,1.87,-0.90,1.87,-0.90
601800,中国交建,4,-1,0.57,-0.11,0.79,-0.14
603326,我乐家居,4,0,8.99,0.18,8.99,0.00
300863,卡倍亿,4,3,2.17,1.88,6.39,5.54
603676,卫信康,4,0,1.98,0.37,2.01,0.35
002497,雅化集团,4,-1,4.50,-2.34,4.55,-2.37
603808,歌力思,4,0,4.05,0.03,4.05,0.03
688201,信安世纪,4,2,6.74,2.39,15.12,5.36
600642,申能股份,4,0,2.04,-0.09,2.06,-0.09
600460,士兰微,4,-2,3.55,-2.68,3.55,-3.07
603721,中广天择,4,4,2.74,2.74,2.74,2.74
300642,透景生命,4,-1,15.94,-0.57,15.99,-0.57
601966,玲珑轮胎,4,0,2.37,0.01,2.57,-0.01
002981,朝阳科技,4,4,0.74,0.74,2.94,2.94
000887,中鼎股份,4,-2,3.37,-2.75,3.37,-2.75
603899,晨光股份,4,1,6.94,1.12,6.96,1.12
002180,纳思达,4,-1,4.21,-0.52,4.84,-0.59
688206,概伦电子,4,1,0.41,-0.17,4.66,-1.93
603885,吉祥航空,4,0,3.58,-0.79,4.03,-0.75
002250,联化科技,4,0,8.24,0.77,8.24,0.77
600508,上海能源,4,-2,1.87,-0.90,1.87,-0.90
300863,卡倍亿,4,3,2.17,1.88,6.39,5.54
603676,卫信康,4,0,1.98,0.37,2.01,0.35
002497,雅化集团,4,-1,4.50,-2.34,4.55,-2.37
300652,雷迪克,4,2,8.37,6.43,8.37,6.43
301123,奕东电子,4,4,1.17,1.17,4.94,4.94
300454,深信服,4,1,6.48,1.26,6.50,1.26
603228,景旺电子,4,0,4.21,-0.51,4.24,-0.51
300379,东方通,4,1,7.58,3.14,7.58,3.14
002852,道道全,4,2,5.86,2.83,5.86,2.83
605333,沪光股份,4,-3,3.46,-0.10,24.18,1.36
300378,鼎捷软件,4,0,6.19,-0.07,6.19,-0.07
002453,华软科技,4,0,4.80,1.16,7.41,1.78
002385,大北农,4,0,3.76,0.84,3.83,0.85
002414,高德红外,4,1,1.30,0.15,1.30,0.15
688006,杭可科技,4,-1,4.45,-0.92,4.45,-14.61
688560,明冠新材,4,4,2.73,2.73,4.97,4.97
002968,新大正,4,0,6.90,-0.11,16.10,-0.36
688357,建龙微纳,4,0,7.88,0.75,13.88,1.33
301035,润丰股份,4,-1,4.83,-0.27,15.35,-5.04
300601,康泰生物,4,0,4.03,-0.18,4.03,-0.18
688371,菲沃泰,4,4,1.87,1.87,8.42,8.42
603808,歌力思,4,0,4.05,0.03,4.05,0.03
600827,百联股份,4,2,1.35,0.69,1.50,0.76
688201,信安世纪,4,2,6.74,2.39,15.12,5.36
600328,中盐化工,4,-3,2.74,-5.24,4.76,-9.06
601099,太平洋,4,0,4.76,0.66,4.76,0.66
603721,中广天择,4,4,2.74,2.74,2.74,2.74
300642,透景生命,4,-1,15.94,-0.57,15.99,-0.57
601966,玲珑轮胎,4,0,2.37,0.01,2.57,-0.01
002981,朝阳科技,4,4,0.74,0.74,2.94,2.94
000887,中鼎股份,4,-2,3.37,-2.75,3.37,-2.75
603899,晨光股份,4,1,6.94,1.12,6.96,1.12
688206,概伦电子,4,1,0.41,-0.17,4.66,-1.93
688083,中望软件,4,0,9.42,-0.59,18.34,-1.14
603883,老百姓,4,0,5.71,-0.88,5.73,-1.50
603755,日辰股份,4,-1,3.34,0.06,3.34,-6.13
603733,仙鹤股份,4,-2,4.13,-0.19,4.13,-0.19
300652,雷迪克,4,2,8.37,6.43,8.37,6.43
301123,奕东电子,4,4,1.17,1.17,4.94,4.94
600621,华鑫股份,4,1,2.92,0.84,2.92,0.84
300454,深信服,4,1,6.48,1.26,6.50,1.26
002507,涪陵榨菜,4,-1,2.71,-1.12,2.71,-1.12
300379,东方通,4,1,7.58,3.14,7.58,3.14
002852,道道全,4,2,5.86,2.83,5.86,2.83
605333,沪光股份,4,-3,3.46,-0.10,24.18,1.36
300378,鼎捷软件,4,0,6.19,-0.07,6.19,-0.07
002453,华软科技,4,0,4.80,1.16,7.41,1.78
002385,大北农,4,0,3.76,0.84,3.83,0.85
002414,高德红外,4,1,1.30,0.15,1.30,0.15
688006,杭可科技,4,-1,4.45,-0.92,4.45,-14.61
688560,明冠新材,4,4,2.73,2.73,4.97,4.97
002968,新大正,4,0,6.90,-0.11,16.10,-0.36
688357,建龙微纳,4,0,7.88,0.75,13.88,1.33
301035,润丰股份,4,-1,4.83,-0.27,15.35,-5.04
300601,康泰生物,4,0,4.03,-0.18,4.03,-0.18
603808,歌力思,4,0,4.05,0.03,4.05,0.03
688201,信安世纪,4,2,6.74,2.39,15.12,5.36
000736,中交地产,4,1,2.63,1.81,2.63,1.81
603721,中广天择,4,4,2.74,2.74,2.74,2.74
300642,透景生命,4,-1,15.94,-0.57,15.99,-0.57
601966,玲珑轮胎,4,0,2.37,0.01,2.57,-0.01
002981,朝阳科技,4,4,0.74,0.74,2.94,2.94
000887,中鼎股份,4,-2,3.37,-2.75,3.37,-2.75
603899,晨光股份,4,1,6.94,1.12,6.96,1.12
688206,概伦电子,4,1,0.41,-0.17,4.66,-1.93
688083,中望软件,4,0,9.42,-0.59,18.34,-1.14
603883,老百姓,4,0,5.71,-0.88,5.73,-1.50
603755,日辰股份,4,-1,3.34,0.06,3.34,-6.13
603733,仙鹤股份,4,-2,4.13,-0.19,4.13,-0.19
603179,新泉股份,4,-1,6.44,-1.32,6.44,-1.32
600038,中直股份,4,1,3.15,1.44,3.15,1.44
002158,汉钟精机,4,3,3.64,1.71,3.64,1.71
600642,申能股份,4,0,2.04,-0.09,2.06,-0.09
600325,华发股份,4,-1,5.90,-1.08,5.90,-1.08
688298,东方生物,4,1,2.48,0.52,4.82,1.01
601388,怡球资源,4,1,2.53,1.27,2.75,1.38
000830,鲁西化工,4,-2,1.48,-4.46,1.94,-5.85
002414,高德红外,4,1,1.30,0.15,1.30,0.15
688006,杭可科技,4,-1,4.45,-0.92,4.45,-14.61
688560,明冠新材,4,4,2.73,2.73,4.97,4.97
002968,新大正,4,0,6.90,-0.11,16.10,-0.36
688357,建龙微纳,4,0,7.88,0.75,13.88,1.33
301035,润丰股份,4,-1,4.83,-0.27,15.35,-5.04
300601,康泰生物,4,0,4.03,-0.18,4.03,-0.18
603808,歌力思,4,0,4.05,0.03,4.05,0.03
688201,信安世纪,4,2,6.74,2.39,15.12,5.36
605300,佳禾食品,4,0,4.68,-0.26,32.52,-1.78
603721,中广天择,4,4,2.74,2.74,2.74,2.74
300642,透景生命,4,-1,15.94,-0.57,15.99,-0.57
601966,玲珑轮胎,4,0,2.37,0.01,2.57,-0.01
002981,朝阳科技,4,4,0.74,0.74,2.94,2.94
000887,中鼎股份,4,-2,3.37,-2.75,3.37,-2.75
600581,八一钢铁,4,-1,3.20,-3.14,3.24,-3.18
603899,晨光股份,4,1,6.94,1.12,6.96,1.12
688206,概伦电子,4,1,0.41,-0.17,4.66,-1.93
688083,中望软件,4,0,9.42,-0.59,18.34,-1.14
603883,老百姓,4,0,5.71,-0.88,5.73,-1.50
603755,日辰股份,4,-1,3.34,0.06,3.34,-6.13
603733,仙鹤股份,4,-2,4.13,-0.19,4.13,-0.19
603228,景旺电子,4,0,4.21,-0.51,4.24,-0.51
603179,新泉股份,4,-1,6.44,-1.32,6.44,-1.32
600038,中直股份,4,1,3.15,1.44,3.15,1.44
603100,川仪股份,4,1,6.85,4.36,6.85,4.36
002158,汉钟精机,4,3,3.64,1.71,3.64,1.71
600642,申能股份,4,0,2.04,-0.09,2.06,-0.09
600325,华发股份,4,-1,5.90,-1.08,5.90,-1.08
600366,宁波韵升,4,1,3.30,0.97,3.30,0.97
688301,奕瑞科技,4,0,6.52,0.89,11.52,1.49
601388,怡球资源,4,1,2.53,1.27,2.75,1.38
000830,鲁西化工,4,-2,1.48,-4.46,1.94,-5.85
600259,广晟有色,4,3,2.61,1.12,2.66,1.00
688066,航天宏图,4,-1,8.69,0.14,8.69,-4.80
688371,菲沃泰,4,4,1.87,1.87,8.42,8.42
601500,通用股份,4,2,3.01,2.20,3.02,2.21
000776,广发证券,4,0,2.50,0.36,3.22,0.47
002925,盈趣科技,4,0,6.41,-0.12,6.46,-0.12
600460,士兰微,4,-2,3.55,-2.68,3.55,-3.07
688006,杭可科技,4,-1,4.45,-0.92,4.45,-14.61
688560,明冠新材,4,4,2.73,2.73,4.97,4.97
688301,奕瑞科技,4,0,6.52,0.89,11.52,1.49
002968,新大正,4,0,6.90,-0.11,16.10,-0.36
688357,建龙微纳,4,0,7.88,0.75,13.88,1.33
301035,润丰股份,4,-1,4.83,-0.27,15.35,-5.04
300601,康泰生物,4,0,4.03,-0.18,4.03,-0.18
600201,生物股份,4,0,4.52,-0.46,4.60,-0.49
603808,歌力思,4,0,4.05,0.03,4.05,0.03
688201,信安世纪,4,2,6.74,2.39,15.12,5.36
603721,中广天择,4,4,2.74,2.74,2.74,2.74
300642,透景生命,4,-1,15.94,-0.57,15.99,-0.57
601966,玲珑轮胎,4,0,2.37,0.01,2.57,-0.01
002981,朝阳科技,4,4,0.74,0.74,2.94,2.94
000887,中鼎股份,4,-2,3.37,-2.75,3.37,-2.75
603899,晨光股份,4,1,6.94,1.12,6.96,1.12
002460,赣锋锂业,4,0,1.54,-0.37,1.93,-0.45
688206,概伦电子,4,1,0.41,-0.17,4.66,-1.93
601800,中国交建,4,-1,0.57,-0.11,0.79,-0.14
688083,中望软件,4,0,9.42,-0.59,18.34,-1.14
603883,老百姓,4,0,5.71,-0.88,5.73,-1.50
603755,日辰股份,4,-1,3.34,0.06,3.34,-6.13
603733,仙鹤股份,4,-2,4.13,-0.19,4.13,-0.19
603179,新泉股份,4,-1,6.44,-1.32,6.44,-1.32
600038,中直股份,4,1,3.15,1.44,3.15,1.44
002156,通富微电,4,0,2.51,0.18,2.51,0.18
002158,汉钟精机,4,3,3.64,1.71,3.64,1.71
600642,申能股份,4,0,2.04,-0.09,2.06,-0.09
002371,北方华创,4,1,4.28,0.80,4.58,0.85
600325,华发股份,4,-1,5.90,-1.08,5.90,-1.08
601388,怡球资源,4,1,2.53,1.27,2.75,1.38
000830,鲁西化工,4,-2,1.48,-4.46,1.94,-5.85
688066,航天宏图,4,-1,8.69,0.14,8.69,-4.80
688371,菲沃泰,4,4,1.87,1.87,8.42,8.42
601500,通用股份,4,2,3.01,2.20,3.02,2.21
000776,广发证券,4,0,2.50,0.36,3.22,0.47
002925,盈趣科技,4,0,6.41,-0.12,6.46,-0.12
600460,士兰微,4,-2,3.55,-2.68,3.55,-3.07
600123,兰花科创,4,-2,1.70,-1.21,1.70,-1.21
002180,纳思达,4,-1,4.21,-0.52,4.84,-0.59
688006,杭可科技,4,-1,4.45,-0.92,4.45,-14.61
688560,明冠新材,4,4,2.73,2.73,4.97,4.97
002335,科华数据,4,2,4.56,3.15,4.56,3.15
002968,新大正,4,0,6.90,-0.11,16.10,-0.36
688357,建龙微纳,4,0,7.88,0.75,13.88,1.33
301035,润丰股份,4,-1,4.83,-0.27,15.35,-5.04
300601,康泰生物,4,0,4.03,-0.18,4.03,-0.18
603808,歌力思,4,0,4.05,0.03,4.05,0.03
000420,吉林化纤,4,0,4.23,-1.21,4.80,-0.64
688201,信安世纪,4,2,6.74,2.39,15.12,5.36
600123,兰花科创,4,-2,1.70,-1.21,1.70,-1.21
603721,中广天择,4,4,2.74,2.74,2.74,2.74
300642,透景生命,4,-1,15.94,-0.57,15.99,-0.57
601966,玲珑轮胎,4,0,2.37,0.01,2.57,-0.01
002981,朝阳科技,4,4,0.74,0.74,2.94,2.94
000887,中鼎股份,4,-2,3.37,-2.75,3.37,-2.75
603899,晨光股份,4,1,6.94,1.12,6.96,1.12
688206,概伦电子,4,1,0.41,-0.17,4.66,-1.93
688083,中望软件,4,0,9.42,-0.59,18.34,-1.14
603883,老百姓,4,0,5.71,-0.88,5.73,-1.50
603755,日辰股份,4,-1,3.34,0.06,3.34,-6.13
603733,仙鹤股份,4,-2,4.13,-0.19,4.13,-0.19
000552,靖远煤电,4,0,1.92,-0.06,1.92,-0.07
603179,新泉股份,4,-1,6.44,-1.32,6.44,-1.32
600038,中直股份,4,1,3.15,1.44,3.15,1.44
002567,唐人神,4,0,5.07,-1.15,5.07,-1.15
002158,汉钟精机,4,3,3.64,1.71,3.64,1.71
600642,申能股份,4,0,2.04,-0.09,2.06,-0.09
600325,华发股份,4,-1,5.90,-1.08,5.90,-1.08
002984,森麒麟,4,2,4.44,1.66,8.92,3.32
601388,怡球资源,4,1,2.53,1.27,2.75,1.38
000830,鲁西化工,4,-2,1.48,-4.46,1.94,-5.85
603906,龙蟠科技,4,0,2.57,-0.54,3.02,-0.63
688066,航天宏图,4,-1,8.69,0.14,8.69,-4.80
688371,菲沃泰,4,4,1.87,1.87,8.42,8.42
601500,通用股份,4,2,3.01,2.20,3.02,2.21
000776,广发证券,4,0,2.50,0.36,3.22,0.47
002925,盈趣科技,4,0,6.41,-0.12,6.46,-0.12
600460,士兰微,4,-2,3.55,-2.68,3.55,-3.07
002180,纳思达,4,-1,4.21,-0.52,4.84,-0.59
601966,玲珑轮胎,4,0,2.37,0.01,2.57,-0.01
002981,朝阳科技,4,4,0.74,0.74,2.94,2.94
000887,中鼎股份,4,-2,3.37,-2.75,3.37,-2.75
603899,晨光股份,4,1,6.94,1.12,6.96,1.12
688206,概伦电子,4,1,0.41,-0.17,4.66,-1.93
688083,中望软件,4,0,9.42,-0.59,18.34,-1.14
603883,老百姓,4,0,5.71,-0.88,5.73,-1.50
603755,日辰股份,4,-1,3.34,0.06,3.34,-6.13
603733,仙鹤股份,4,-2,4.13,-0.19,4.13,-0.19
688155,先惠技术,4,1,4.42,1.46,10.24,3.21
603179,新泉股份,4,-1,6.44,-1.32,6.44,-1.32
600038,中直股份,4,1,3.15,1.44,3.15,1.44
002158,汉钟精机,4,3,3.64,1.71,3.64,1.71
600642,申能股份,4,0,2.04,-0.09,2.06,-0.09
600325,华发股份,4,-1,5.90,-1.08,5.90,-1.08
600966,博汇纸业,4,0,2.12,-0.12,2.12,-0.12
601388,怡球资源,4,1,2.53,1.27,2.75,1.38
000830,鲁西化工,4,-2,1.48,-4.46,1.94,-5.85
688066,航天宏图,4,-1,8.69,0.14,8.69,-4.80
688371,菲沃泰,4,4,1.87,1.87,8.42,8.42
601500,通用股份,4,2,3.01,2.20,3.02,2.21
000776,广发证券,4,0,2.50,0.36,3.22,0.47
002925,盈趣科技,4,0,6.41,-0.12,6.46,-0.12
600460,士兰微,4,-2,3.55,-2.68,3.55,-3.07
002180,纳思达,4,-1,4.21,-0.52,4.84,-0.59
688235,百济神州,4,1,0.45,0.09,7.52,1.41
002179,中航光电,4,-1,3.75,-0.29,3.83,-0.42
002548,金新农,4,-2,2.72,-5.29,3.95,-5.99
600328,中盐化工,4,-3,2.74,-5.24,4.76,-9.06
600827,百联股份,4,2,1.35,0.69,1.50,0.76
601099,太平洋,4,0,4.76,0.66,4.76,0.66
688392,骄成超声,4,4,2.33,2.33,10.93,10.93
603380,易德龙,4,0,9.04,-0.29,9.10,-0.30
688185,康希诺,4,0,1.97,0.34,7.24,1.20
002507,涪陵榨菜,4,-1,2.71,-1.12,2.71,-1.12
000501,武商集团,4,1,5.56,0.95,5.56,0.95
000975,银泰黄金,4,2,6.22,2.65,6.22,2.65
601800,中国交建,4,-1,0.57,-0.11,0.79,-0.14
603326,我乐家居,4,0,8.99,0.18,8.99,0.00
000420,吉林化纤,4,0,4.23,-1.21,4.80,-0.64
002376,新北洋,4,0,3.49,-0.20,3.49,-0.20
605128,上海沿浦,4,0,5.95,1.37,11.42,2.64
600621,华鑫股份,4,1,2.92,0.84,2.92,0.84
002028,思源电气,5,0,8.56,0.35,8.56,0.35
301097,天益医疗,5,-4,6.21,-1.21,26.19,-5.10
300196,长海股份,5,-1,5.22,-1.43,5.22,-1.43
002025,航天电器,5,1,5.58,0.57,5.58,0.57
600486,扬农化工,5,0,7.61,-0.06,7.61,-0.06
000822,山东海化,5,-2,4.64,-4.50,4.64,-4.50
001914,招商积余,5,-1,5.41,-1.93,8.61,-3.05
688320,禾川科技,5,1,1.95,-0.05,9.36,-0.27
688198,佰仁医疗,5,1,4.91,0.31,19.10,0.95
600685,中船防务,5,3,1.92,1.46,3.31,2.52
600216,浙江医药,5,0,4.07,-0.18,4.10,-0.18
002046,国机精工,5,-1,6.25,-3.95,6.31,-3.98
603239,浙江仙通,5,1,2.84,0.95,2.84,0.95
300217,东方电热,5,-1,6.78,-1.43,7.09,-1.23
002126,银轮股份,5,0,7.63,-0.20,7.63,-0.20
300014,亿纬锂能,5,0,3.26,-0.46,3.26,-0.46
002439,启明星辰,5,-1,7.67,0.91,7.87,0.97
001227,兰州银行,5,0,0.29,0.07,2.85,0.66
605286,同力日升,5,1,3.31,1.09,12.29,4.53
300999,金龙鱼,5,2,0.53,0.13,5.29,1.30
002353,杰瑞股份,5,0,7.89,-0.50,8.46,0.07
603989,艾华集团,5,1,7.64,-0.26,7.64,-0.26
603612,索通发展,5,1,6.64,2.14,7.02,2.26
600378,昊华科技,5,0,5.33,0.20,5.42,0.20
688408,中信博,5,-1,9.67,-0.53,17.97,-1.34
600703,三安光电,5,-1,6.28,-1.51,6.90,-1.66
601155,新城控股,5,0,2.38,-0.37,2.38,-0.37
000539,粤电力A,5,2,2.67,0.78,5.48,1.60
600885,宏发股份,5,0,5.50,-2.99,5.50,-2.99
601928,凤凰传媒,5,-2,3.04,-0.92,3.04,-0.92
603699,纽威股份,5,0,5.55,-0.87,5.55,-0.87
688033,天宜上佳,5,2,8.82,3.01,8.82,0.30
600258,首旅酒店,5,-1,4.00,-1.34,4.18,-1.41
603730,岱美股份,5,0,3.76,0.18,3.76,0.18
688598,金博股份,5,2,6.72,1.40,9.39,2.84
600597,光明乳业,5,0,2.61,-0.01,2.77,-0.01
601668,中国建筑,5,-1,1.97,-0.05,2.03,-0.04
002046,国机精工,5,-1,6.25,-3.95,6.31,-3.98
603239,浙江仙通,5,1,2.84,0.95,2.84,0.95
300217,东方电热,5,-1,6.78,-1.43,7.09,-1.23
002126,银轮股份,5,0,7.63,-0.20,7.63,-0.20
603067,振华股份,5,1,5.61,2.24,5.68,2.24
300014,亿纬锂能,5,0,3.26,-0.46,3.26,-0.46
001332,锡装股份,5,5,1.71,1.71,6.85,6.85
300705,九典制药,5,1,5.68,1.74,5.68,1.74
002176,江特电机,5,1,6.25,1.09,6.25,1.09
002268,卫士通,5,1,6.63,1.19,6.69,1.20
301155,海力风电,5,0,1.67,0.22,6.67,0.88
002466,天齐锂业,5,-1,2.45,-0.66,2.72,-0.39
000811,冰轮环境,5,0,5.60,0.03,5.60,0.03
688192,迪哲医药,5,2,0.89,0.49,9.31,5.19
688102,斯瑞新材,5,3,0.98,0.85,11.21,9.59
603601,再升科技,5,0,9.62,1.20,9.62,1.20
600905,三峡能源,5,-1,1.17,-0.01,3.90,-0.05
002439,启明星辰,5,-1,7.67,0.91,7.87,0.97
001227,兰州银行,5,0,0.29,0.07,2.85,0.66
605286,同力日升,5,1,3.31,1.09,12.29,4.53
300999,金龙鱼,5,2,0.53,0.13,5.29,1.30
002353,杰瑞股份,5,0,7.89,-0.50,8.46,0.07
688239,航宇科技,5,-2,8.25,2.98,11.42,-13.31
688019,安集科技,5,-1,5.21,-0.05,5.21,-3.92
603989,艾华集团,5,1,7.64,-0.26,7.64,-0.26
603612,索通发展,5,1,6.64,2.14,7.02,2.26
601058,赛轮轮胎,5,-1,8.47,-1.79,8.57,-3.42
600378,昊华科技,5,0,5.33,0.20,5.42,0.20
600703,三安光电,5,-1,6.28,-1.51,6.90,-1.66
601155,新城控股,5,0,2.38,-0.37,2.38,-0.37
000539,粤电力A,5,2,2.67,0.78,5.48,1.60
600885,宏发股份,5,0,5.50,-2.99,5.50,-2.99
601928,凤凰传媒,5,-2,3.04,-0.92,3.04,-0.92
603699,纽威股份,5,0,5.55,-0.87,5.55,-0.87
688033,天宜上佳,5,2,8.82,3.01,8.82,0.30
600258,首旅酒店,5,-1,4.00,-1.34,4.18,-1.41
603730,岱美股份,5,0,3.76,0.18,3.76,0.18
688598,金博股份,5,2,6.72,1.40,9.39,2.84
600597,光明乳业,5,0,2.61,-0.01,2.77,-0.01
601668,中国建筑,5,-1,1.97,-0.05,2.03,-0.04
600461,洪城环境,5,1,3.77,1.06,4.27,1.20
300860,锋尚文化,5,4,2.74,2.54,8.96,8.31
603613,国联股份,5,0,9.43,0.18,9.43,-4.89
603032,德新交运,5,0,4.52,0.27,4.76,0.32
688521,芯原股份,5,1,7.27,0.76,17.27,1.47
002536,飞龙股份,5,4,6.00,5.80,6.00,5.80
601007,金陵饭店,5,0,7.49,-0.07,7.49,-0.07
601208,东材科技,5,0,5.83,-1.57,6.20,-1.51
001332,锡装股份,5,5,1.71,1.71,6.85,6.85
300705,九典制药,5,1,5.68,1.74,5.68,1.74
002176,江特电机,5,1,6.25,1.09,6.25,1.09
002268,卫士通,5,1,6.63,1.19,6.69,1.20
301155,海力风电,5,0,1.67,0.22,6.67,0.88
002466,天齐锂业,5,-1,2.45,-0.66,2.72,-0.39
000811,冰轮环境,5,0,5.60,0.03,5.60,0.03
688192,迪哲医药,5,2,0.89,0.49,9.31,5.19
688102,斯瑞新材,5,3,0.98,0.85,11.21,9.59
600416,湘电股份,5,1,6.32,1.12,11.62,2.07
603601,再升科技,5,0,9.62,1.20,9.62,1.20
600905,三峡能源,5,-1,1.17,-0.01,3.90,-0.05
002439,启明星辰,5,-1,7.67,0.91,7.87,0.97
001227,兰州银行,5,0,0.29,0.07,2.85,0.66
605286,同力日升,5,1,3.31,1.09,12.29,4.53
300999,金龙鱼,5,2,0.53,0.13,5.29,1.30
002353,杰瑞股份,5,0,7.89,-0.50,8.46,0.07
603989,艾华集团,5,1,7.64,-0.26,7.64,-0.26
603612,索通发展,5,1,6.64,2.14,7.02,2.26
600378,昊华科技,5,0,5.33,0.20,5.42,0.20
600703,三安光电,5,-1,6.28,-1.51,6.90,-1.66
601155,新城控股,5,0,2.38,-0.37,2.38,-0.37
000539,粤电力A,5,2,2.67,0.78,5.48,1.60
600885,宏发股份,5,0,5.50,-2.99,5.50,-2.99
601928,凤凰传媒,5,-2,3.04,-0.92,3.04,-0.92
603699,纽威股份,5,0,5.55,-0.87,5.55,-0.87
688033,天宜上佳,5,2,8.82,3.01,8.82,0.30
600258,首旅酒店,5,-1,4.00,-1.34,4.18,-1.41
603730,岱美股份,5,0,3.76,0.18,3.76,0.18
688598,金博股份,5,2,6.72,1.40,9.39,2.84
600597,光明乳业,5,0,2.61,-0.01,2.77,-0.01
601668,中国建筑,5,-1,1.97,-0.05,2.03,-0.04
600461,洪城环境,5,1,3.77,1.06,4.27,1.20
300860,锋尚文化,5,4,2.74,2.54,8.96,8.31
603613,国联股份,5,0,9.43,0.18,9.43,-4.89
603032,德新交运,5,0,4.52,0.27,4.76,0.32
688521,芯原股份,5,1,7.27,0.76,17.27,1.47
002536,飞龙股份,5,4,6.00,5.80,6.00,5.80
601007,金陵饭店,5,0,7.49,-0.07,7.49,-0.07
601208,东材科技,5,0,5.83,-1.57,6.20,-1.51
600765,中航重机,5,1,5.89,1.39,6.49,1.52
001332,锡装股份,5,5,1.71,1.71,6.85,6.85
300705,九典制药,5,1,5.68,1.74,5.68,1.74
002176,江特电机,5,1,6.25,1.09,6.25,1.09
002268,卫士通,5,1,6.63,1.19,6.69,1.20
301155,海力风电,5,0,1.67,0.22,6.67,0.88
002466,天齐锂业,5,-1,2.45,-0.66,2.72,-0.39
000811,冰轮环境,5,0,5.60,0.03,5.60,0.03
688192,迪哲医药,5,2,0.89,0.49,9.31,5.19
688102,斯瑞新材,5,3,0.98,0.85,11.21,9.59
603601,再升科技,5,0,9.62,1.20,9.62,1.20
600905,三峡能源,5,-1,1.17,-0.01,3.90,-0.05
002439,启明星辰,5,-1,7.67,0.91,7.87,0.97
001227,兰州银行,5,0,0.29,0.07,2.85,0.66
605286,同力日升,5,1,3.31,1.09,12.29,4.53
300999,金龙鱼,5,2,0.53,0.13,5.29,1.30
002353,杰瑞股份,5,0,7.89,-0.50,8.46,0.07
603989,艾华集团,5,1,7.64,-0.26,7.64,-0.26
603612,索通发展,5,1,6.64,2.14,7.02,2.26
600378,昊华科技,5,0,5.33,0.20,5.42,0.20
600703,三安光电,5,-1,6.28,-1.51,6.90,-1.66
601155,新城控股,5,0,2.38,-0.37,2.38,-0.37
000539,粤电力A,5,2,2.67,0.78,5.48,1.60
600885,宏发股份,5,0,5.50,-2.99,5.50,-2.99
601928,凤凰传媒,5,-2,3.04,-0.92,3.04,-0.92
603699,纽威股份,5,0,5.55,-0.87,5.55,-0.87
688033,天宜上佳,5,2,8.82,3.01,8.82,0.30
600258,首旅酒店,5,-1,4.00,-1.34,4.18,-1.41
603730,岱美股份,5,0,3.76,0.18,3.76,0.18
688598,金博股份,5,2,6.72,1.40,9.39,2.84
600597,光明乳业,5,0,2.61,-0.01,2.77,-0.01
601668,中国建筑,5,-1,1.97,-0.05,2.03,-0.04
301155,海力风电,5,0,1.67,0.22,6.67,0.88
002466,天齐锂业,5,-1,2.45,-0.66,2.72,-0.39
000811,冰轮环境,5,0,5.60,0.03,5.60,0.03
688192,迪哲医药,5,2,0.89,0.49,9.31,5.19
688102,斯瑞新材,5,3,0.98,0.85,11.21,9.59
601058,赛轮轮胎,5,-1,8.47,-1.79,8.57,-3.42
603067,振华股份,5,1,5.61,2.24,5.68,2.24
603601,再升科技,5,0,9.62,1.20,9.62,1.20
600905,三峡能源,5,-1,1.17,-0.01,3.90,-0.05
002439,启明星辰,5,-1,7.67,0.91,7.87,0.97
001227,兰州银行,5,0,0.29,0.07,2.85,0.66
605286,同力日升,5,1,3.31,1.09,12.29,4.53
300999,金龙鱼,5,2,0.53,0.13,5.29,1.30
002353,杰瑞股份,5,0,7.89,-0.50,8.46,0.07
603305,旭升股份,5,2,4.59,3.10,4.59,3.10
603989,艾华集团,5,1,7.64,-0.26,7.64,-0.26
603612,索通发展,5,1,6.64,2.14,7.02,2.26
600378,昊华科技,5,0,5.33,0.20,5.42,0.20
600703,三安光电,5,-1,6.28,-1.51,6.90,-1.66
601155,新城控股,5,0,2.38,-0.37,2.38,-0.37
000539,粤电力A,5,2,2.67,0.78,5.48,1.60
600885,宏发股份,5,0,5.50,-2.99,5.50,-2.99
601928,凤凰传媒,5,-2,3.04,-0.92,3.04,-0.92
603699,纽威股份,5,0,5.55,-0.87,5.55,-0.87
688033,天宜上佳,5,2,8.82,3.01,8.82,0.30
600258,首旅酒店,5,-1,4.00,-1.34,4.18,-1.41
603730,岱美股份,5,0,3.76,0.18,3.76,0.18
688598,金博股份,5,2,6.72,1.40,9.39,2.84
600597,光明乳业,5,0,2.61,-0.01,2.77,-0.01
601668,中国建筑,5,-1,1.97,-0.05,2.03,-0.04
002402,和而泰,5,-1,9.68,-5.08,9.68,-5.08
688035,德邦科技,5,5,3.06,3.06,14.75,14.75
600533,栖霞建设,5,4,7.01,6.37,7.01,6.37
600975,新五丰,5,-1,3.40,-1.50,4.19,-1.86
603707,健友股份,5,0,7.27,0.31,7.28,0.30
600348,华阳股份,5,1,2.31,-0.13,2.31,-0.13
603308,应流股份,5,0,13.25,-0.73,13.25,-0.73
600521,华海药业,5,1,5.29,0.38,5.39,0.39
600685,中船防务,5,3,1.92,1.46,3.31,2.52
688408,中信博,5,-1,9.67,-0.53,17.97,-1.34
688598,金博股份,5,2,6.72,1.40,9.39,2.84
600597,光明乳业,5,0,2.61,-0.01,2.77,-0.01
601668,中国建筑,5,-1,1.97,-0.05,2.03,-0.04
002402,和而泰,5,-1,9.68,-5.08,9.68,-5.08
002317,众生药业,5,1,9.52,3.03,9.58,3.04
605555,德昌股份,5,2,2.54,1.74,9.66,6.61
688035,德邦科技,5,5,3.06,3.06,14.75,14.75
688019,安集科技,5,-1,5.21,-0.05,5.21,-3.92
600533,栖霞建设,5,4,7.01,6.37,7.01,6.37
600975,新五丰,5,-1,3.40,-1.50,4.19,-1.86
603707,健友股份,5,0,7.27,0.31,7.28,0.30
600348,华阳股份,5,1,2.31,-0.13,2.31,-0.13
603308,应流股份,5,0,13.25,-0.73,13.25,-0.73
600521,华海药业,5,1,5.29,0.38,5.39,0.39
600685,中船防务,5,3,1.92,1.46,3.31,2.52
688408,中信博,5,-1,9.67,-0.53,17.97,-1.34
002030,达安基因,5,0,3.24,0.58,3.24,0.58
002765,蓝黛科技,5,1,6.39,1.67,6.48,1.55
600416,湘电股份,5,1,6.32,1.12,11.62,2.07
002832,比音勒芬,6,0,11.28,0.48,11.28,0.48
301349,信德新材,6,6,2.97,2.97,12.51,12.51
002430,杭氧股份,6,0,7.85,-0.97,8.00,-0.99
002967,广电计量,6,2,6.78,1.46,16.41,3.55
300034,钢研高纳,6,1,10.21,3.74,10.95,3.97
300870,欧陆通,6,2,9.33,1.42,24.27,3.71
300274,阳光电源,6,0,3.99,-0.82,3.99,-0.82
600600,青岛啤酒,6,0,2.92,0.78,5.70,1.50
300443,金雷股份,6,2,4.82,0.63,4.82,0.63
688236,春立医疗,6,5,1.42,1.35,16.45,15.63
300982,苏文电能,6,-2,2.93,-0.51,11.74,-2.03
002120,韵达股份,6,1,7.28,1.24,7.29,1.24
002993,奥海科技,6,0,1.24,-1.61,5.40,-5.16
600195,中牧股份,6,1,5.68,0.65,5.68,0.65
688223,晶科能源,6,0,2.12,0.24,15.16,1.26
603995,甬金股份,6,1,8.61,0.79,17.79,1.62
600004,白云机场,6,1,4.15,0.61,4.15,0.61
688611,杭州柯林,6,-1,4.04,-0.61,16.99,-2.57
603806,福斯特,6,0,3.96,-0.04,3.96,-0.04
603920,世运电路,6,-1,6.30,-0.75,6.30,-0.75
688269,凯立新材,6,0,8.52,0.09,18.04,0.21
002284,亚太股份,6,1,2.62,0.24,2.62,0.24
600371,万向德农,6,-1,6.93,-0.27,6.93,-0.27
603886,元祖股份,6,-1,8.41,-0.49,8.41,-0.49
688568,中科星图,6,1,5.28,0.45,12.15,2.09
300979,华利集团,6,0,2.16,-0.45,17.29,-3.58
688167,炬光科技,6,-1,2.55,-0.44,11.23,-1.92
002557,洽洽食品,6,-1,5.53,0.01,5.53,0.01
300628,亿联网络,6,0,4.53,0.05,4.54,0.04
002724,海洋王,6,0,6.96,0.27,7.20,0.28
300438,鹏辉能源,6,0,8.52,-2.35,8.53,-2.36
301333,诺思格,6,6,3.29,3.29,13.18,13.18
603987,康德莱,6,0,12.55,1.69,12.61,1.70
300274,阳光电源,6,0,3.99,-0.82,3.99,-0.82
600600,青岛啤酒,6,0,2.92,0.78,5.70,1.50
300443,金雷股份,6,2,4.82,0.63,4.82,0.63
688236,春立医疗,6,5,1.42,1.35,16.45,15.63
300982,苏文电能,6,-2,2.93,-0.51,11.74,-2.03
300529,健帆生物,6,1,7.18,1.06,7.18,1.05
300837,浙矿股份,6,1,9.65,1.57,29.01,4.71
002459,晶澳科技,6,0,4.33,0.09,9.47,0.19
603997,继峰股份,6,-1,6.06,-2.17,7.68,-2.75
002993,奥海科技,6,0,1.24,-1.61,5.40,-5.16
002881,美格智能,6,1,6.37,1.94,6.42,1.94
603908,牧高笛,6,1,7.13,-0.31,7.13,-0.31
000543,皖能电力,6,5,4.72,4.44,4.72,4.37
600863,内蒙华电,6,-1,3.79,-0.93,3.79,-0.93
600497,驰宏锌锗,6,0,7.27,2.16,7.27,2.16
000049,德赛电池,6,0,7.61,0.68,7.64,0.67
688358,祥生医疗,6,4,2.88,2.44,11.52,9.74
300384,三联虹普,6,0,6.36,-0.07,6.38,-0.08
688628,优利德,6,1,4.21,0.25,12.03,0.71
688162,巨一科技,6,0,2.60,0.53,12.86,2.65
600195,中牧股份,6,1,5.68,0.65,5.68,0.65
688223,晶科能源,6,0,2.12,0.24,15.16,1.26
603995,甬金股份,6,1,8.61,0.79,17.79,1.62
600004,白云机场,6,1,4.15,0.61,4.15,0.61
688611,杭州柯林,6,-1,4.04,-0.61,16.99,-2.57
603806,福斯特,6,0,3.96,-0.04,3.96,-0.04
603920,世运电路,6,-1,6.30,-0.75,6.30,-0.75
688269,凯立新材,6,0,8.52,0.09,18.04,0.21
003031,中瓷电子,6,3,4.33,2.84,13.03,8.55
600129,太极集团,6,1,9.24,2.60,9.24,2.60
600938,中国海油,6,1,0.50,0.27,15.92,8.45
300529,健帆生物,6,1,7.18,1.06,7.18,1.05
300837,浙矿股份,6,1,9.65,1.57,29.01,4.71
002459,晶澳科技,6,0,4.33,0.09,9.47,0.19
603997,继峰股份,6,-1,6.06,-2.17,7.68,-2.75
002881,美格智能,6,1,6.37,1.94,6.42,1.94
603908,牧高笛,6,1,7.13,-0.31,7.13,-0.31
000543,皖能电力,6,5,4.72,4.44,4.72,4.37
600863,内蒙华电,6,-1,3.79,-0.93,3.79,-0.93
600497,驰宏锌锗,6,0,7.27,2.16,7.27,2.16
000049,德赛电池,6,0,7.61,0.68,7.64,0.67
688358,祥生医疗,6,4,2.88,2.44,11.52,9.74
300384,三联虹普,6,0,6.36,-0.07,6.38,-0.08
688628,优利德,6,1,4.21,0.25,12.03,0.71
688162,巨一科技,6,0,2.60,0.53,12.86,2.65
600195,中牧股份,6,1,5.68,0.65,5.68,0.65
600779,水井坊,6,2,5.38,0.26,5.38,0.26
688223,晶科能源,6,0,2.12,0.24,15.16,1.26
603995,甬金股份,6,1,8.61,0.79,17.79,1.62
600004,白云机场,6,1,4.15,0.61,4.15,0.61
688611,杭州柯林,6,-1,4.04,-0.61,16.99,-2.57
603806,福斯特,6,0,3.96,-0.04,3.96,-0.04
603920,世运电路,6,-1,6.30,-0.75,6.30,-0.75
688269,凯立新材,6,0,8.52,0.09,18.04,0.21
600988,赤峰黄金,6,0,14.27,2.76,15.47,2.99
603396,金辰股份,6,0,3.87,0.93,3.88,0.93
603901,永创智能,6,0,11.03,-0.15,11.21,-0.16
603166,福达股份,6,5,3.82,3.59,3.82,3.59
688369,致远互联,6,3,19.59,10.32,25.45,13.40
300661,圣邦股份,6,1,14.21,4.00,14.21,4.00
688388,嘉元科技,6,-1,9.54,-1.02,9.54,-4.94
603799,华友钴业,6,2,4.58,1.35,4.64,1.38
600754,锦江酒店,6,1,4.11,-0.48,4.81,-0.57
688257,新锐股份,6,-1,2.06,-1.07,9.00,-4.63
000423,东阿阿胶,6,1,3.60,0.39,3.60,0.39
600732,爱旭股份,6,0,5.50,2.55,7.43,-1.56
301207,华兰疫苗,6,-2,0.76,-0.44,8.39,-5.24
002120,韵达股份,6,1,7.28,1.24,7.29,1.24
603897,长城科技,6,2,6.67,3.35,6.67,3.35
600316,洪都航空,6,-1,4.29,0.03,4.29,0.03
603396,金辰股份,6,0,3.87,0.93,3.88,0.93
603901,永创智能,6,0,11.03,-0.15,11.21,-0.16
603166,福达股份,6,5,3.82,3.59,3.82,3.59
688369,致远互联,6,3,19.59,10.32,25.45,13.40
300661,圣邦股份,6,1,14.21,4.00,14.21,4.00
688388,嘉元科技,6,-1,9.54,-1.02,9.54,-4.94
603799,华友钴业,6,2,4.58,1.35,4.64,1.38
600754,锦江酒店,6,1,4.11,-0.48,4.81,-0.57
688257,新锐股份,6,-1,2.06,-1.07,9.00,-4.63
000423,东阿阿胶,6,1,3.60,0.39,3.60,0.39
600732,爱旭股份,6,0,5.50,2.55,7.43,-1.56
301207,华兰疫苗,6,-2,0.76,-0.44,8.39,-5.24
002120,韵达股份,6,1,7.28,1.24,7.29,1.24
002993,奥海科技,6,0,1.24,-1.61,5.40,-5.16
002885,京泉华,6,1,6.15,0.72,6.15,0.72
600779,水井坊,6,2,5.38,0.26,5.38,0.26
000902,新洋丰,7,1,7.90,-0.21,8.27,-0.22
002444,巨星科技,7,0,7.29,-1.36,7.29,-1.36
300699,光威复材,7,3,7.96,4.25,7.96,4.25
300012,华测检测,7,0,12.62,0.73,12.62,0.73
600298,安琪酵母,7,0,5.48,-0.32,5.78,-0.34
301193,家联科技,7,7,3.80,3.80,16.01,16.01
688661,和林微纳,7,2,3.84,2.44,13.82,9.32
300416,苏试试验,7,1,8.37,0.76,8.37,0.16
002938,鹏鼎控股,7,1,5.56,0.89,5.76,0.91
002991,甘源食品,7,0,8.31,3.43,18.98,7.82
605089,味知香,7,-2,3.52,-0.52,13.27,-1.99
002756,永兴材料,7,1,6.90,0.22,7.09,0.36
000733,振华科技,7,0,9.81,0.65,9.81,0.65
601001,晋控煤业,7,0,8.54,2.37,8.54,2.37
688345,博力威,7,1,5.64,2.91,22.77,11.76
600399,抚顺特钢,7,-1,8.99,-1.25,8.99,-1.25
600971,恒源煤电,7,2,5.19,0.40,5.19,0.40
000999,华润三九,7,0,7.15,1.80,7.22,1.83
600563,法拉电子,7,0,11.38,-0.60,11.38,-0.60
688016,心脉医疗,7,-1,8.50,-1.03,15.83,-1.94
600529,山东药玻,7,0,7.57,0.53,7.57,0.53
688037,芯源微,7,1,7.96,2.32,16.33,4.76
301096,百诚医药,7,-2,7.00,0.15,28.88,0.61
000682,东方电子,7,1,16.59,3.66,16.59,3.66
605166,聚合顺,7,0,12.74,1.17,21.43,1.96
301190,善水科技,7,-1,2.12,-2.09,8.50,-8.33
002938,鹏鼎控股,7,1,5.56,0.89,5.76,0.91
002991,甘源食品,7,0,8.31,3.43,18.98,7.82
301153,中科江南,7,2,3.18,1.73,14.42,7.84
605369,拱东医疗,7,0,6.35,-1.37,25.31,-5.75
688267,中触媒,7,1,5.25,1.94,24.09,8.23
600132,重庆啤酒,7,0,5.84,-0.04,5.84,-0.04
301099,雅创电子,7,0,2.06,-0.02,9.55,-0.07
301018,申菱环境,7,0,4.31,1.49,9.17,-3.38
603868,飞科电器,7,0,3.61,0.33,3.61,0.33
300856,科思股份,7,-1,6.91,-1.91,19.85,-5.79
688331,荣昌生物,7,2,1.72,0.79,21.27,9.14
300035,中科电气,7,0,10.14,-0.18,10.45,-1.57
688025,杰普特,7,4,14.69,6.67,25.03,11.30
002541,鸿路钢构,7,0,10.26,0.72,10.26,0.72
688518,联赢激光,7,2,14.61,2.94,17.48,3.50
688262,国芯科技,7,0,4.15,1.45,17.85,5.68
688220,翱捷科技,7,0,0.93,0.29,10.92,2.93
605123,派克新材,7,0,4.19,-1.21,10.92,-3.16
605089,味知香,7,-2,3.52,-0.52,13.27,-1.99
002756,永兴材料,7,1,6.90,0.22,7.09,0.36
000733,振华科技,7,0,9.81,0.65,9.81,0.65
688661,和林微纳,7,2,3.84,2.44,13.82,9.32
601001,晋控煤业,7,0,8.54,2.37,8.54,2.37
688345,博力威,7,1,5.64,2.91,22.77,11.76
600399,抚顺特钢,7,-1,8.99,-1.25,8.99,-1.25
600971,恒源煤电,7,2,5.19,0.40,5.19,0.40
000999,华润三九,7,0,7.15,1.80,7.22,1.83
600563,法拉电子,7,0,11.38,-0.60,11.38,-0.60
688016,心脉医疗,7,-1,8.50,-1.03,15.83,-1.94
600529,山东药玻,7,0,7.57,0.53,7.57,0.53
688037,芯源微,7,1,7.96,2.32,16.33,4.76
600188,兖矿能源,7,0,2.27,0.23,3.76,0.39
603363,傲农生物,7,0,5.80,-0.78,6.95,-1.06
002498,汉缆股份,7,5,2.54,1.47,2.54,1.47
603477,巨星农牧,7,0,10.06,0.53,10.57,0.56
600546,山煤国际,7,0,7.52,2.28,7.52,2.28
002498,汉缆股份,7,5,2.54,1.47,2.54,1.47
605166,聚合顺,7,0,12.74,1.17,21.43,1.96
603477,巨星农牧,7,0,10.06,0.53,10.57,0.56
600546,山煤国际,7,0,7.52,2.28,7.52,2.28
688202,美迪西,7,0,13.82,0.34,31.94,0.80
688661,和林微纳,7,2,3.84,2.44,13.82,9.32
688114,华大智造,8,8,1.64,1.64,21.20,21.20
688337,普源精电,8,2,4.29,1.87,20.51,8.96
688196,卓越新能,8,0,4.04,0.21,16.18,0.85
301306,西测测试,8,8,2.80,2.80,11.81,11.81
002032,苏泊尔,8,0,2.67,0.34,2.68,0.35
603035,常熟汽饰,8,4,14.95,7.35,14.95,7.35
301168,通灵股份,8,1,5.35,2.85,21.41,11.41
688053,思科瑞,8,8,5.31,5.31,24.29,24.29
301235,华康医疗,8,3,4.39,2.60,18.78,10.75
301080,百普赛斯,8,-1,8.06,-1.35,32.23,-5.41
301278,快可电子,8,8,5.04,5.04,20.16,20.16
301087,可孚医疗,8,1,4.01,-0.39,16.43,-1.63
301103,何氏眼科,8,6,2.45,2.12,9.78,8.39
600426,华鲁恒升,8,0,10.07,1.35,10.14,1.36
688772,珠海冠宇,8,0,1.84,-0.02,18.79,-0.13
688290,景业智能,8,1,5.73,2.21,28.17,10.86
688190,云路股份,8,-1,6.76,0.88,29.53,3.83
002068,黑猫股份,8,0,13.14,-0.46,13.52,-0.47
301327,华宝新能,8,8,3.41,3.41,14.07,14.07
603786,科博达,8,0,2.93,-0.08,29.55,-0.46
688125,安达智能,8,2,5.15,2.67,24.75,12.85
688234,天岳先进,8,2,1.88,0.34,22.41,3.11
301263,泰恩康,8,4,3.26,2.23,14.34,9.66
688533,上声电子,8,-1,4.64,0.18,19.08,0.74
688213,思特威,8,2,1.63,-0.09,21.63,-1.23
603170,宝立食品,8,8,1.26,1.26,12.62,12.62
688401,路维光电,8,8,3.45,3.45,16.15,16.15
603096,新经典,8,0,12.26,-1.82,12.26,-1.82
688363,华熙生物,8,0,2.74,0.23,13.72,1.15
002078,太阳纸业,8,1,11.38,1.28,11.55,1.21
688297,中无人机,8,5,2.14,1.36,11.58,7.35
002487,大金重工,8,2,6.87,2.26,6.87,2.26
002897,意华股份,8,0,12.33,1.46,12.33,1.46
600060,海信视像,8,0,7.90,0.16,8.01,0.15
002487,大金重工,8,2,6.87,2.26,6.87,2.26
002897,意华股份,8,0,12.33,1.46,12.33,1.46
600060,海信视像,8,0,7.90,0.16,8.01,0.15
688311,盟升电子,8,5,9.91,5.04,16.98,8.51
688772,珠海冠宇,8,0,1.84,-0.02,18.79,-0.13
688268,华特气体,9,3,10.01,2.92,34.18,9.84
688120,华海清科,9,3,3.97,2.27,17.18,9.85
688112,鼎阳科技,9,1,5.62,0.99,24.66,4.36
301095,广立微,9,9,2.87,2.87,14.19,14.19
301269,华大九天,9,9,2.06,2.06,14.98,14.98
688212,澳华内镜,9,0,8.97,-0.86,40.44,-3.87
301117,佳缘科技,9,0,5.68,0.18,24.89,-0.60
301266,宇邦新材,9,5,5.15,3.24,21.73,13.66
688375,国博电子,9,9,1.60,1.60,21.10,21.10
300990,同飞股份,9,4,7.08,3.02,28.31,12.08
688326,经纬恒润,9,1,5.17,1.27,26.53,6.50
688032,禾迈股份,9,1,4.52,0.80,19.21,3.41
688439,振华风光,9,9,5.75,5.75,26.90,26.90
688048,长光华芯,9,1,4.05,0.25,18.60,1.13
688082,盛美上海,9,1,2.38,0.15,28.97,1.83
688248,南网科技,9,2,2.61,-1.63,18.97,-11.93
688072,拓荆科技,9,-1,4.72,-1.37,22.33,-6.50
688052,纳芯微,9,-1,4.44,-0.14,20.63,-0.66
688105,诺唯赞,9,-1,2.40,-0.13,26.85,-1.47
001270,铖昌科技,9,6,4.38,2.85,17.51,11.37
688115,思林杰,9,8,6.00,5.75,24.70,23.64
688348,昱能科技,9,2,3.70,0.84,15.62,3.52
688349,三一重能,9,2,2.69,1.78,23.76,15.79
300833,浩洋股份,10,0,7.24,-0.94,28.97,-3.76
301122,采纳股份,10,0,9.35,0.86,37.41,1.60
300893,松原股份,10,3,7.91,3.53,31.65,14.13
688293,奥浦迈,10,10,6.02,6.02,29.14,29.14
688041,海光信息,10,10,1.97,1.97,22.94,22.94
603209,兴通股份,10,4,6.52,3.03,26.07,12.12
688232,新点软件,10,3,6.45,2.99,30.26,14.02
688231,隆达股份,10,10,6.45,6.45,31.46,31.46
688381,帝奥微,10,10,4.25,4.25,18.82,18.82
688271,联影医疗,10,10,1.51,1.51,26.40,26.40
